"film","release_year","director","best_picture_winner","tomatometer","popcornmeter","total_academy_nominations","total_academy_award_exclude_best_pic","running_time_minutes","genre","rating","language","budget_millions","box_office_millions","nominee_film_edit","award_film_edit","nominee_drama_gg","won_drama_gg","nominee_comedy_gg","won_comedy_gg","best_director_nominee_before","best_director_nominee_include_now","best_director_award_before","best_director_award_now","wikipedia","rotten_tomato","characters.x","words.x","characters.y","words.y","characters.x.1","words.x.1","characters.y.1","words.y.1","characters","words","genre_Drama","genre_Comedy","genre_History","genre_Biography","genre_Mystery___Thriller","genre_Romance","genre_Adventure","genre_Action","genre_Crime","genre_Fantasy","genre_Sci_Fi","genre_War","genre_LGBTQ_","genre_Music","genre_Musical","genre_Western","genre_Horror","genre_Kids___Family","genre_Animation","genre_Holiday","genre_Sports"
"Chocolat",2000,"Lasse Hallström",0,63,83,5,0,121,"Drama, Romance","PG-13 (Some Violence|Scene of Sexuality)","English",25,152.7,0,0,0,0,1,0,2,2,0,0,"https://en.wikipedia.org/wiki/Chocolat_(2000_film)","https://www.rottentomatoes.com/m/chocolat",8,1,8,1,8,1,8,1,8,1,1,0,0,0,0,1,0,0,0,0,0,0,0,0,0,0,0,0,0,0,0
"Crouching Tiger, Hidden Dragon",2000,"Ang Lee",0,96,86,10,4,120,"Adventure, Action, Drama, Fantasy","PG-13 (Some Sexuality|Martial Arts Violence)","Chinese",17,214,1,0,0,0,0,0,0,1,0,0,"https://en.wikipedia.org/wiki/Crouching_Tiger,_Hidden_Dragon","https://www.rottentomatoes.com/m/crouching_tiger_hidden_dragon",30,4,30,4,30,4,30,4,30,4,1,0,0,0,0,0,1,1,0,1,0,0,0,0,0,0,0,0,0,0,0
"Erin Brockovich",2000,"Steven Soderbergh",0,87,81,5,1,130,"Drama, Comedy, Romance","R (Language)","English",52,256.3,0,0,1,0,0,0,0,0,0,1,"https://en.wikipedia.org/wiki/Erin_Brockovich_(film)","https://www.rottentomatoes.com/m/erin_brockovich",15,2,15,2,15,2,15,2,15,2,1,1,0,0,0,1,0,0,0,0,0,0,0,0,0,0,0,0,0,0,0
"Gladiator",2000,"Ridley Scott",1,80,87,12,4,155,"History, Drama, Adventure, Action","R (Intense Graphic Combat)","English",103,466,1,0,1,1,0,0,1,2,0,0,"https://en.wikipedia.org/wiki/Gladiator_(2000_film)","https://www.rottentomatoes.com/m/gladiator",9,1,9,1,9,1,9,1,9,1,1,0,1,0,0,0,1,1,0,0,0,0,0,0,0,0,0,0,0,0,0
"Traffic",2000,"Steven Soderbergh",0,93,85,5,4,147,"Crime, Drama, Mystery & Thriller, Action","R (Some Sexuality|Pervasive Drug Content|Strong Language|Violence)","English",48,207.5,1,1,1,0,0,0,0,0,0,1,"https://en.wikipedia.org/wiki/Traffic_(2000_film)","https://www.rottentomatoes.com/m/1103281-traffic",7,1,7,1,7,1,7,1,7,1,1,0,0,0,1,0,0,1,1,0,0,0,0,0,0,0,0,0,0,0,0
"A Beautiful Mind",2001,"Ron Howard",1,74,93,8,3,135,"Biography, Drama, Mystery & Thriller, Romance","PG-13 (Scene of Violence|Intense Thematic Material|Sexual Content)","English",58,316.8,1,0,1,1,0,0,0,0,0,1,"https://en.wikipedia.org/wiki/A_Beautiful_Mind_(film)","https://www.rottentomatoes.com/m/a_beautiful_mind",16,3,16,3,16,3,16,3,16,3,1,0,0,1,1,1,0,0,0,0,0,0,0,0,0,0,0,0,0,0,0
"Gosford Park",2001,"Robert Altman",0,87,78,7,1,137,"Mystery & Thriller, Comedy, Drama, Crime","R (Some Language|Brief Sexuality)","English",19.8,87.8,0,0,0,0,1,0,4,5,0,0,"https://en.wikipedia.org/wiki/Gosford_Park","https://www.rottentomatoes.com/m/gosford_park",12,2,12,2,12,2,12,2,12,2,1,1,0,0,1,0,0,0,1,0,0,0,0,0,0,0,0,0,0,0,0
"In the Bedroom",2001,"Todd Field",0,93,81,5,0,131,"Drama","R (Some Violence|Language)","English",1.7,44.8,0,0,1,0,0,0,0,0,0,0,"https://en.wikipedia.org/wiki/In_the_Bedroom","https://www.rottentomatoes.com/m/in_the_bedroom",14,3,14,3,14,3,14,3,14,3,1,0,0,0,0,0,0,0,0,0,0,0,0,0,0,0,0,0,0,0,0
"Moulin Rouge!",2001,"Baz Luhrmann",0,75,89,8,2,128,"Musical, Drama, Romance","PG-13 (Sexual Content)","English",50,179,0,0,0,0,1,0,0,0,0,0,"https://en.wikipedia.org/wiki/Moulin_Rouge!","https://www.rottentomatoes.com/m/moulin_rouge_2001",13,2,13,2,13,2,13,2,13,2,1,0,0,0,0,1,0,0,0,0,0,0,0,1,1,0,0,0,0,0,0
"The Lord of the Rings: The Fellowship of the Ring",2001,"Peter Jackson",0,91,95,13,4,178,"Fantasy, Adventure","PG-13 (Some Scary Images|Epic Battle Sequences)","English",93,897,1,0,1,0,0,0,0,1,0,0,"https://en.wikipedia.org/wiki/The_Lord_of_the_Rings:_The_Fellowship_of_the_Ring","https://www.rottentomatoes.com/m/the_lord_of_the_rings_the_fellowship_of_the_ring",49,10,49,10,49,10,49,10,49,10,0,0,0,0,0,0,1,0,0,1,0,0,0,0,0,0,0,0,0,0,0
"Chicago",2002,"Rob Marshall",1,87,83,13,5,113,"Musical, Crime, Drama","PG-13 (Sexual Dialogue|Sexual Content|Thematic Elements|Violence)","English",45,306.8,1,1,0,0,1,0,0,1,0,0,"https://en.wikipedia.org/wiki/Chicago_(2002_film)","https://www.rottentomatoes.com/m/chicago",7,1,7,1,7,1,7,1,7,1,1,0,0,0,0,0,0,0,1,0,0,0,0,1,1,0,0,0,0,0,0
"Gangs of New York",2002,"Martin Scorsese",0,72,81,10,0,168,"History, Drama, Crime","R (Language|Intense Strong Violence|Nudity|Sexuality)","English",98.5,193.8,1,0,1,0,0,0,3,4,0,0,"https://en.wikipedia.org/wiki/Gangs_of_New_York","https://www.rottentomatoes.com/m/gangs_of_new_york",17,4,17,4,17,4,17,4,17,4,1,0,1,0,0,0,0,0,1,0,0,0,0,0,0,0,0,0,0,0,0
"The Hours",2002,"Stephen Daldry",0,79,84,9,1,114,"Drama, Romance, Mystery & Thriller","PG-13 (Mature Thematic Elements|Brief Language|Some Disturbing Images)","English",25,108.8,1,0,1,1,0,0,1,2,0,0,"https://en.wikipedia.org/wiki/The_Hours_(film)","https://www.rottentomatoes.com/m/hours",9,2,9,2,9,2,9,2,9,2,1,0,0,0,1,1,0,0,0,0,0,0,0,0,0,0,0,0,0,0,0
"The Lord of the Rings: The Two Towers",2002,"Peter Jackson",0,95,95,6,2,179,"Fantasy, Adventure","PG-13 (Scary Images|Epic Battle Sequences)","English",94,944,1,0,1,0,0,0,1,1,0,0,"https://en.wikipedia.org/wiki/The_Lord_of_the_Rings:_The_Two_Towers","https://www.rottentomatoes.com/m/the_lord_of_the_rings_the_two_towers",37,8,37,8,37,8,37,8,37,8,0,0,0,0,0,0,1,0,0,1,0,0,0,0,0,0,0,0,0,0,0
"The Pianist",2002,"Roman Polanski",0,95,96,7,3,149,"History, Drama, War","R (Violence|Brief Strong Language)","English",35,120.1,1,0,1,0,0,0,2,2,0,1,"https://en.wikipedia.org/wiki/The_Pianist_(2002_film)","https://www.rottentomatoes.com/m/pianist",11,2,11,2,11,2,11,2,11,2,1,0,1,0,0,0,0,0,0,0,0,1,0,0,0,0,0,0,0,0,0
"Lost in Translation",2003,"Sofia Coppola",0,95,85,4,1,102,"Comedy, Drama","R (Some Sexual Content)","English",4,118.7,0,0,0,0,1,0,0,1,0,0,"https://en.wikipedia.org/wiki/Lost_in_Translation_(film)","https://www.rottentomatoes.com/m/lost_in_translation",19,3,19,3,19,3,19,3,19,3,1,1,0,0,0,0,0,0,0,0,0,0,0,0,0,0,0,0,0,0,0
"Master and Commander: The Far Side of the World",2003,"Peter Weir",0,85,80,10,2,138,"Adventure, Drama, War","PG-13","English",150,211.6,1,0,1,0,0,0,3,4,0,0,"https://en.wikipedia.org/wiki/Master_and_Commander:_The_Far_Side_of_the_World","https://www.rottentomatoes.com/m/master_and_commander_the_far_side_of_the_world",47,9,47,9,47,9,47,9,47,9,1,0,0,0,0,0,1,0,0,0,0,1,0,0,0,0,0,0,0,0,0
"Mystic River",2003,"Clint Eastwood",0,89,89,6,2,138,"Crime, Drama","R (Violence|Language)","English",27.5,156.6,0,0,1,0,0,0,0,1,1,1,"https://en.wikipedia.org/wiki/Mystic_River_(film)","https://www.rottentomatoes.com/m/mystic_river",12,2,12,2,12,2,12,2,12,2,1,0,0,0,0,0,0,0,1,0,0,0,0,0,0,0,0,0,0,0,0
"Seabiscuit",2003,"Gary Ross",0,77,76,7,0,141,"History, Drama","PG-13","English",87,148.3,1,0,1,0,0,0,0,0,0,0,"https://en.wikipedia.org/wiki/Seabiscuit_(film)","https://www.rottentomatoes.com/m/seabiscuit",10,1,10,1,10,1,10,1,10,1,1,0,1,0,0,0,0,0,0,0,0,0,0,0,0,0,0,0,0,0,0
"The Lord of the Rings: The Return of the King",2003,"Peter Jackson",1,94,86,11,10,201,"Fantasy, Adventure","PG-13 (Frightening Images|Intense Epic Battle Sequences)","English",94,1148,1,1,1,1,0,0,1,1,0,1,"https://en.wikipedia.org/wiki/The_Lord_of_the_Rings:_The_Return_of_the_King","https://www.rottentomatoes.com/m/the_lord_of_the_rings_the_return_of_the_king",45,10,45,10,45,10,45,10,45,10,0,0,0,0,0,0,1,0,0,1,0,0,0,0,0,0,0,0,0,0,0
"Finding Neverland",2004,"Marc Forster",0,83,87,7,1,101,"Kids & Family, Biography, History, Drama, Fantasy, Romance","PG (Mild Thematic Elements|Brief Language)","English",25,116.8,1,0,1,0,0,0,0,0,0,0,"https://en.wikipedia.org/wiki/Finding_Neverland_(film)","https://www.rottentomatoes.com/m/finding_neverland",17,2,17,2,17,2,17,2,17,2,1,0,1,1,0,1,0,0,0,1,0,0,0,0,0,0,0,1,0,0,0
"Million Dollar Baby",2004,"Clint Eastwood",1,90,90,7,3,132,"Drama","PG-13 (Some Disturbing Images|Language|Thematic Material|Violence)","English",30,216.8,1,0,1,0,0,0,1,1,1,2,"https://en.wikipedia.org/wiki/Million_Dollar_Baby","https://www.rottentomatoes.com/m/million_dollar_baby",19,3,19,3,19,3,19,3,19,3,1,0,0,0,0,0,0,0,0,0,0,0,0,0,0,0,0,0,0,0,0
"Ray",2004,"Taylor Hackford",0,79,87,6,2,152,"Biography, History, Drama, Music","PG-13 (Sexuality|Drug Addiction|Some Thematic Elements)","English",40,124,1,0,0,0,1,0,0,1,0,0,"https://en.wikipedia.org/wiki/Ray_(film)","https://www.rottentomatoes.com/m/ray",3,1,3,1,3,1,3,1,3,1,1,0,1,1,0,0,0,0,0,0,0,0,0,1,0,0,0,0,0,0,0
"Sideways",2004,"Alexander Payne",0,97,79,5,1,127,"Comedy, Drama, Mystery & Thriller, Romance","R (Nudity|Language|Some Strong Sexual Content)","English",16,109.7,0,0,0,0,1,0,0,1,0,0,"https://en.wikipedia.org/wiki/Sideways","https://www.rottentomatoes.com/m/sideways",8,1,8,1,8,1,8,1,8,1,1,1,0,0,1,1,0,0,0,0,0,0,0,0,0,0,0,0,0,0,0
"The Aviator",2004,"Martin Scorsese",0,86,79,11,5,170,"Biography, History, Drama","PG-13 (Language|Crash Sequence|Nudity|Sexual Content|Thematic Elements)","English",110,213.7,1,1,1,1,0,0,4,5,0,0,"https://en.wikipedia.org/wiki/The_Aviator_(2004_film)","https://www.rottentomatoes.com/m/aviator",11,2,11,2,11,2,11,2,11,2,1,0,1,1,0,0,0,0,0,0,0,0,0,0,0,0,0,0,0,0,0
"Brokeback Mountain",2005,"Ang Lee",0,88,82,8,3,134,"Romance, Drama, LGBTQ+","R (Nudity|Language|Sexuality|Some Violence)","English",14,179.1,0,0,1,1,0,0,1,1,0,1,"https://en.wikipedia.org/wiki/Brokeback_Mountain","https://www.rottentomatoes.com/m/brokeback_mountain",18,2,18,2,18,2,18,2,18,2,1,0,0,0,0,1,0,0,0,0,0,0,1,0,0,0,0,0,0,0,0
"Capote",2005,"Bennett Miller",0,89,82,5,1,114,"Biography, History, Drama, Crime","R (Violent Images|Brief Strong Language)","English",7,49.9,0,0,0,0,0,0,0,1,0,0,"https://en.wikipedia.org/wiki/Capote_(film)","https://www.rottentomatoes.com/m/1151898-capote",6,1,6,1,6,1,6,1,6,1,1,0,1,1,0,0,0,0,1,0,0,0,0,0,0,0,0,0,0,0,0
"Crash",2005,"Paul Haggis",1,73,88,6,2,112,"Drama","R (Sexual Content|Language|Some Violence)","English",6.5,98.4,1,1,0,0,0,0,0,1,0,0,"https://en.wikipedia.org/wiki/Crash_(2004_film)","https://www.rottentomatoes.com/m/1144992-crash",5,1,5,1,5,1,5,1,5,1,1,0,0,0,0,0,0,0,0,0,0,0,0,0,0,0,0,0,0,0,0
"Good Night, and Good Luck",2005,"George Clooney",0,93,83,6,0,93,"History, Drama, Biography","PG (Mild Thematic Elements|Brief Language)","English",7,54.6,0,0,1,0,0,0,0,1,0,0,"https://en.wikipedia.org/wiki/Good_Night,_and_Good_Luck","https://www.rottentomatoes.com/m/good_night_and_good_luck",25,5,25,5,25,5,25,5,25,5,1,0,1,1,0,0,0,0,0,0,0,0,0,0,0,0,0,0,0,0,0
"Munich",2005,"Steven Spielberg",0,79,83,5,0,163,"Mystery & Thriller, Action, History, Drama","R (Nudity|Language|Some Sexual Content|Strong Graphic Violence)","English",70,131,1,0,0,0,0,0,3,4,2,2,"https://en.wikipedia.org/wiki/Munich_(2005_film)","https://www.rottentomatoes.com/m/munich",6,1,6,1,6,1,6,1,6,1,1,0,1,0,1,0,0,1,0,0,0,0,0,0,0,0,0,0,0,0,0
"Babel",2006,"Alejandro González Iñárritu",0,68,77,7,1,144,"Drama","R (Sexual Content|Language|Some Drug Use|Some Graphic Nudity|Violence)","English",25,135.3,1,0,1,1,0,0,0,1,0,0,"https://en.wikipedia.org/wiki/Babel_(film)","https://www.rottentomatoes.com/m/babel",5,1,5,1,5,1,5,1,5,1,1,0,0,0,0,0,0,0,0,0,0,0,0,0,0,0,0,0,0,0,0
"Letters from Iwo Jima",2006,"Clint Eastwood",0,91,86,4,1,140,"War, History, Drama","R (Graphic War Violence)","English",19,68.7,0,0,0,0,0,0,1,2,2,2,"https://en.wikipedia.org/wiki/Letters_from_Iwo_Jima","https://www.rottentomatoes.com/m/letters_from_iwo_jima",21,4,21,4,21,4,21,4,21,4,1,0,1,0,0,0,0,0,0,0,0,1,0,0,0,0,0,0,0,0,0
"Little Miss Sunshine",2006,"Jonathan Dayton, Valerie Faris",0,91,91,4,2,102,"Comedy, Drama","R (Language|Drug Content|Some Sex)","English",8,101.1,0,0,0,0,1,0,0,0,0,0,"https://en.wikipedia.org/wiki/Little_Miss_Sunshine","https://www.rottentomatoes.com/m/little_miss_sunshine",20,3,20,3,20,3,20,3,20,3,1,1,0,0,0,0,0,0,0,0,0,0,0,0,0,0,0,0,0,0,0
"The Departed",2006,"Martin Scorsese",1,91,94,5,3,151,"Crime, Drama, Mystery & Thriller","R (Pervasive Language|Drug Material|Some Strong Sexual Content|Strong Brutal Violence)","English",90,291.5,1,1,1,0,0,0,5,5,0,1,"https://en.wikipedia.org/wiki/The_Departed","https://www.rottentomatoes.com/m/the_departed",12,2,12,2,12,2,12,2,12,2,1,0,0,0,1,0,0,0,1,0,0,0,0,0,0,0,0,0,0,0,0
"The Queen",2006,"Stephen Frears",0,97,76,6,1,103,"Biography, Drama, History","PG-13 (Brief Strong Language)","English",15,123.5,0,0,1,0,0,0,1,2,0,0,"https://en.wikipedia.org/wiki/The_Queen_(2006_film)","https://www.rottentomatoes.com/m/the_queen",9,2,9,2,9,2,9,2,9,2,1,0,1,1,0,0,0,0,0,0,0,0,0,0,0,0,0,0,0,0,0
"Atonement",2007,"Joe Wright",0,83,80,7,1,123,"Drama, Romance","R (Language|Disturbing War Images|Some Sexuality)","English",30,131,0,0,1,1,0,0,0,0,0,0,"https://en.wikipedia.org/wiki/Atonement_(2007_film)","https://www.rottentomatoes.com/m/atonement",9,1,9,1,9,1,9,1,9,1,1,0,0,0,0,1,0,0,0,0,0,0,0,0,0,0,0,0,0,0,0
"Juno",2007,"Jason Reitman",0,93,88,4,1,96,"Comedy, Drama","PG-13 (Mature Thematic Material|Language|Sexual Content)","English",6.5,232.3,0,0,0,0,1,0,0,1,0,0,"https://en.wikipedia.org/wiki/Juno_(film)","https://www.rottentomatoes.com/m/juno",4,1,4,1,4,1,4,1,4,1,1,1,0,0,0,0,0,0,0,0,0,0,0,0,0,0,0,0,0,0,0
"Michael Clayton",2007,"Tony Gilroy",0,90,69,7,1,120,"Drama","R (Some Sexual Dialogue|Language)","English",21.5,93,0,0,1,0,0,0,0,1,0,0,"https://en.wikipedia.org/wiki/Michael_Clayton_(film)","https://www.rottentomatoes.com/m/michael_clayton",15,2,15,2,15,2,15,2,15,2,1,0,0,0,0,0,0,0,0,0,0,0,0,0,0,0,0,0,0,0,0
"No Country for Old Men",2007,"Joel Coen, Ethan Coen",1,93,86,8,3,122,"Crime, Drama, Mystery & Thriller, Western","R (Strong Graphic Violence|Some Language)","English",25,171.6,1,0,1,0,0,0,0,0,0,0,"https://en.wikipedia.org/wiki/No_Country_for_Old_Men","https://www.rottentomatoes.com/m/no_country_for_old_men",22,5,22,5,22,5,22,5,22,5,1,0,0,0,1,0,0,0,1,0,0,0,0,0,0,1,0,0,0,0,0
"There Will Be Blood",2007,"Paul Thomas Anderson",0,91,86,8,2,158,"Drama","R (Some Violence)","English",25,76.2,1,0,1,0,0,0,0,1,0,0,"https://en.wikipedia.org/wiki/There_Will_Be_Blood","https://www.rottentomatoes.com/m/there_will_be_blood",19,4,19,4,19,4,19,4,19,4,1,0,0,0,0,0,0,0,0,0,0,0,0,0,0,0,0,0,0,0,0
"Frost/Nixon",2008,"Ron Howard",0,93,88,5,0,122,"History, Drama","R (Some Language)","English",25,27.4,1,0,1,0,0,0,0,1,1,1,"https://en.wikipedia.org/wiki/Frost/Nixon_(film)","https://www.rottentomatoes.com/m/frostnixon",11,2,11,2,11,2,11,2,11,2,1,0,1,0,0,0,0,0,0,0,0,0,0,0,0,0,0,0,0,0,0
"Milk",2008,"Gus Van Sant",0,93,89,8,2,128,"Biography, Drama, LGBTQ+","R (Language|Brief Violence|Some Sexual Content)","English",20,54.6,1,0,0,0,0,0,1,2,0,0,"https://en.wikipedia.org/wiki/Milk_(2008_American_film)","https://www.rottentomatoes.com/m/milk",4,1,4,1,4,1,4,1,4,1,1,0,0,1,0,0,0,0,0,0,0,0,1,0,0,0,0,0,0,0,0
"Slumdog Millionaire",2008,"Danny Boyle",1,92,90,10,7,120,"Comedy, Drama","R (Language|Disturbing Images|Some Violence)","English",15,378,1,1,1,1,0,0,0,0,0,1,"https://en.wikipedia.org/wiki/Slumdog_Millionaire","https://www.rottentomatoes.com/m/slumdog_millionaire",19,2,19,2,19,2,19,2,19,2,1,1,0,0,0,0,0,0,0,0,0,0,0,0,0,0,0,0,0,0,0
"The Curious Case of Benjamin Button",2008,"David Fincher",0,72,80,13,3,166,"Fantasy, Drama, Romance","PG-13 (Language|Brief War Violence|Sexual Content|Smoking)","English",158.5,335.8,1,0,1,0,0,0,0,1,0,0,"https://en.wikipedia.org/wiki/The_Curious_Case_of_Benjamin_Button_(film)","https://www.rottentomatoes.com/m/curious_case_of_benjamin_button",35,6,35,6,35,6,35,6,35,6,1,0,0,0,0,1,0,0,0,1,0,0,0,0,0,0,0,0,0,0,0
"The Reader",2008,"Stephen Daldry",0,63,79,5,1,124,"Drama, Romance","R (Some Scenes of Sexuality|Nudity)","English",32,108.9,0,0,1,0,0,0,2,3,0,0,"https://en.wikipedia.org/wiki/The_Reader_(2008_film)","https://www.rottentomatoes.com/m/reader",10,2,10,2,10,2,10,2,10,2,1,0,0,0,0,1,0,0,0,0,0,0,0,0,0,0,0,0,0,0,0
"A Serious Man",2009,"Joel Coen, Ethan Coen",0,89,68,2,0,106,"Comedy, Drama","R (Language|Brief Violence|Some Nudity)","English",7,31.4,0,0,0,0,0,0,0,0,0,0,"https://en.wikipedia.org/wiki/A_Serious_Man","https://www.rottentomatoes.com/m/a_serious_man",13,3,13,3,13,3,13,3,13,3,1,1,0,0,0,0,0,0,0,0,0,0,0,0,0,0,0,0,0,0,0
"An Education",2009,"Lone Scherfig",0,94,80,3,0,100,"Drama","PG-13 (Sexual Content|Mature Thematic Material|Smoking)","British English",7.5,26.1,0,0,0,0,0,0,0,0,0,0,"https://en.wikipedia.org/wiki/An_Education","https://www.rottentomatoes.com/m/an_education",12,2,12,2,12,2,12,2,12,2,1,0,0,0,0,0,0,0,0,0,0,0,0,0,0,0,0,0,0,0,0
"Avatar",2009,"James Cameron",0,81,82,9,3,162,"Sci-Fi, Adventure, Action, Fantasy","PG-13 (Language|Warfare|Intense Battle Sequences|Sensuality|Some Smoking)","English",237,2924,1,0,1,1,0,0,0,1,1,1,"https://en.wikipedia.org/wiki/Avatar_(2009_film)","https://www.rottentomatoes.com/m/avatar",6,1,6,1,6,1,6,1,6,1,0,0,0,0,0,0,1,1,0,1,1,0,0,0,0,0,0,0,0,0,0
"District 9",2009,"Neill Blomkamp",0,90,82,4,0,112,"Sci-Fi, Drama","R (Pervasive Language|Bloody Violence)","English",30,210.8,1,0,0,0,0,0,0,0,0,0,"https://en.wikipedia.org/wiki/District_9","https://www.rottentomatoes.com/m/district_9",10,2,10,2,10,2,10,2,10,2,1,0,0,0,0,0,0,0,0,0,1,0,0,0,0,0,0,0,0,0,0
"Inglourious Basterds",2009,"Quentin Tarantino",0,89,88,8,1,153,"War, Comedy, Drama","R (Language|Brief Sexuality|Strong Graphic Violence)","English",70,321.5,1,0,1,0,0,0,1,2,0,0,"https://en.wikipedia.org/wiki/Inglourious_Basterds","https://www.rottentomatoes.com/m/inglourious_basterds",20,2,20,2,20,2,20,2,20,2,1,1,0,0,0,0,0,0,0,0,0,1,0,0,0,0,0,0,0,0,0
"Precious: Based on the Novel 'Push' by Sapphire",2009,"Lee Daniels",0,92,77,6,2,110,"Drama","R (Pervasive Language|Child Abuse|Sexual Assault)","English",10,63.3,1,0,1,0,0,0,0,1,0,0,"https://en.wikipedia.org/wiki/Precious_(film)","https://www.rottentomatoes.com/m/precious",47,8,47,8,47,8,47,8,47,8,1,0,0,0,0,0,0,0,0,0,0,0,0,0,0,0,0,0,0,0,0
"The Blind Side",2009,"John Lee Hancock",0,66,85,2,1,129,"Drama, Biography","PG-13 (Drug References|Brief Violence|Sexual References)","English",29,309.2,0,0,0,0,0,0,0,0,0,0,"https://en.wikipedia.org/wiki/The_Blind_Side_(film)","https://www.rottentomatoes.com/m/the_blind_side",14,3,14,3,14,3,14,3,14,3,1,0,0,1,0,0,0,0,0,0,0,0,0,0,0,0,0,0,0,0,0
"The Hurt Locker",2009,"Kathryn Bigelow",1,96,84,9,5,131,"War, Drama, Mystery & Thriller, Action, Adventure","R (War Violence|Language)","English",15,49.9,1,1,1,0,0,0,0,0,0,1,"https://en.wikipedia.org/wiki/The_Hurt_Locker","https://www.rottentomatoes.com/m/the_hurt_locker",15,3,15,3,15,3,15,3,15,3,1,0,0,0,1,0,1,1,0,0,0,1,0,0,0,0,0,0,0,0,0
"Up",2009,"Pete Docter, Bob Peterson",0,98,90,5,2,96,"Kids & Family, Comedy, Adventure, Animation","PG (Some Peril and Action)","English",175,735.1,0,0,0,0,0,0,0,0,0,0,"https://en.wikipedia.org/wiki/Up_(2009_film)","https://www.rottentomatoes.com/m/up",2,1,2,1,2,1,2,1,2,1,0,1,0,0,0,0,1,0,0,0,0,0,0,0,0,0,0,1,1,0,0
"Up in the Air",2009,"Jason Reitman",0,90,79,6,0,109,"Comedy, Drama, Romance","R (Some Sexual Content|Language)","English",25,166.8,0,0,1,0,0,0,1,2,0,0,"https://en.wikipedia.org/wiki/Up_in_the_Air_(2009_film)","https://www.rottentomatoes.com/m/up_in_the_air_2009",13,4,13,4,13,4,13,4,13,4,1,1,0,0,0,1,0,0,0,0,0,0,0,0,0,0,0,0,0,0,0
"127 Hours",2010,"Danny Boyle",0,93,85,6,0,94,"Biography, Drama","R (Disturbing Violent Content|Bloody Images|Language)","English",18,60.7,1,0,0,0,0,0,0,0,1,1,"https://en.wikipedia.org/wiki/127_Hours","https://www.rottentomatoes.com/m/127_hours",9,2,9,2,9,2,9,2,9,2,1,0,0,1,0,0,0,0,0,0,0,0,0,0,0,0,0,0,0,0,0
"Black Swan",2010,"Darren Aronofsky",0,85,84,5,1,108,"Drama, Mystery & Thriller","R (Language|Disturbing Violent Images|Some Drug Use|Strong Sexual Content)","English",13,330.2,1,0,1,0,0,0,0,1,0,0,"https://en.wikipedia.org/wiki/Black_Swan_(film)","https://www.rottentomatoes.com/m/black_swan_2010",10,2,10,2,10,2,10,2,10,2,1,0,0,0,1,0,0,0,0,0,0,0,0,0,0,0,0,0,0,0,0
"Inception",2010,"Christopher Nolan",0,87,91,8,4,148,"Sci-Fi, Mystery & Thriller, Action","PG-13 (Sequences of Violence|Sequences of Action)","English",160,839,0,0,1,0,0,0,0,0,0,0,"https://en.wikipedia.org/wiki/Inception","https://www.rottentomatoes.com/m/inception",9,1,9,1,9,1,9,1,9,1,0,0,0,0,1,0,0,1,0,0,1,0,0,0,0,0,0,0,0,0,0
"The Fighter",2010,"David O. Russell",0,91,89,7,2,116,"Drama, Biography","R (Language Throughout|Drug Content|Sexuality|Some Violence)","English",18,129,1,0,1,0,0,0,0,1,0,0,"https://en.wikipedia.org/wiki/The_Fighter","https://www.rottentomatoes.com/m/the_fighter",11,2,11,2,11,2,11,2,11,2,1,0,0,1,0,0,0,0,0,0,0,0,0,0,0,0,0,0,0,0,0
"The Kids Are All Right",2010,"Lisa Cholodenko",0,93,74,4,0,107,"Comedy, Drama, LGBTQ+","R (Nudity|Language|Strong Sexual Content|Teen Drug and Alcohol Use)","English",4,34.7,0,0,0,0,1,0,0,0,0,0,"https://en.wikipedia.org/wiki/The_Kids_Are_All_Right_(film)","https://www.rottentomatoes.com/m/the_kids_are_all_right",22,5,22,5,22,5,22,5,22,5,1,1,0,0,0,0,0,0,0,0,0,0,1,0,0,0,0,0,0,0,0
"The King's Speech",2010,"Tom Hooper",1,94,92,12,3,119,"History, Drama, Biography","R (Some Language)","British English",15,414.2,1,0,1,0,0,0,0,0,0,1,"https://en.wikipedia.org/wiki/The_King%27s_Speech","https://www.rottentomatoes.com/m/the_kings_speech",17,4,17,4,17,4,17,4,17,4,1,0,1,1,0,0,0,0,0,0,0,0,0,0,0,0,0,0,0,0,0
"The Social Network",2010,"David Fincher",0,96,87,8,3,120,"Drama, Biography","PG-13 (Language|Drug and Alcohol Use|Sexual Content)","English",40,224.9,1,1,1,0,0,0,1,2,0,0,"https://en.wikipedia.org/wiki/The_Social_Network","https://www.rottentomatoes.com/m/the_social_network",18,3,18,3,18,3,18,3,18,3,1,0,0,1,0,0,0,0,0,0,0,0,0,0,0,0,0,0,0,0,0
"Toy Story 3",2010,"Lee Unkrich",0,98,90,5,2,103,"Kids & Family, Comedy, Adventure, Fantasy, Animation","G","English",200,1067,0,0,0,0,0,0,0,0,0,0,"https://en.wikipedia.org/wiki/Toy_Story_3","https://www.rottentomatoes.com/m/toy_story_3",11,3,11,3,11,3,11,3,11,3,0,1,0,0,0,0,1,0,0,1,0,0,0,0,0,0,0,1,1,0,0
"True Grit",2010,"Joel Coen, Ethan Coen",0,95,85,10,0,110,"Western, Drama, Adventure","PG-13 (Int. Seq. of Western Violence|Disturbing Images)","English",36.5,252.3,0,0,0,0,0,0,0,0,0,0,"https://en.wikipedia.org/wiki/True_Grit_(2010_film)","https://www.rottentomatoes.com/m/true_grit_2010",9,2,9,2,9,2,9,2,9,2,1,0,0,0,0,0,1,0,0,0,0,0,0,0,0,1,0,0,0,0,0
"Winter's Bone",2010,"Debra Granik",0,94,76,4,0,100,"Drama","R (Some Drug Material|Language|Violent Content)","English",2,16.1,0,0,0,0,0,0,0,0,0,0,"https://en.wikipedia.org/wiki/Winter%27s_Bone","https://www.rottentomatoes.com/m/10012136-winters_bone",13,3,13,3,13,3,13,3,13,3,1,0,0,0,0,0,0,0,0,0,0,0,0,0,0,0,0,0,0,0,0
"Extremely Loud & Incredibly Close",2011,"Stephen Daldry",0,45,61,2,0,129,"Drama","PG-13 (Language|Emotional Thematic Material|Some Disturbing Images)","English",40,55.2,0,0,0,0,0,0,3,3,0,0,"https://en.wikipedia.org/wiki/Extremely_Loud_%26_Incredibly_Close_(film)","https://www.rottentomatoes.com/m/extremely_loud_and_incredibly_close",33,4,33,4,33,4,33,4,33,4,1,0,0,0,0,0,0,0,0,0,0,0,0,0,0,0,0,0,0,0,0
"Hugo",2011,"Martin Scorsese",0,93,78,11,5,126,"Adventure, Fantasy, Drama","PG (Smoking|Mild Thematic Material|Some Action/Peril)","English",160,185.8,1,0,1,0,0,0,5,6,1,1,"https://en.wikipedia.org/wiki/Hugo_(film)","https://www.rottentomatoes.com/m/hugo",4,1,4,1,4,1,4,1,4,1,1,0,0,0,0,0,1,0,0,1,0,0,0,0,0,0,0,0,0,0,0
"Midnight in Paris",2011,"Woody Allen",0,93,83,4,1,94,"Romance, Comedy, Fantasy","PG-13 (Some Sexual References|Smoking)","English",17,151.7,0,0,0,0,1,0,5,6,1,1,"https://en.wikipedia.org/wiki/Midnight_in_Paris","https://www.rottentomatoes.com/m/midnight_in_paris",17,3,17,3,17,3,17,3,17,3,0,1,0,0,0,1,0,0,0,1,0,0,0,0,0,0,0,0,0,0,0
"Moneyball",2011,"Bennett Miller",0,94,86,6,0,133,"Drama, Biography","PG-13 (Some Strong Language)","English",50,110.2,1,0,1,0,0,0,1,1,0,0,"https://en.wikipedia.org/wiki/Moneyball_(film)","https://www.rottentomatoes.com/m/moneyball",9,1,9,1,9,1,9,1,9,1,1,0,0,1,0,0,0,0,0,0,0,0,0,0,0,0,0,0,0,0,0
"The Artist",2011,"Michel Hazanavicius",1,95,87,10,4,100,"Romance, Comedy, Drama","PG-13 (A Disturbing Image|A Crude Gesture)","English",15,133.4,1,0,0,0,1,0,0,0,0,1,"https://en.wikipedia.org/wiki/The_Artist_(film)","https://www.rottentomatoes.com/m/the_artist",10,2,10,2,10,2,10,2,10,2,1,1,0,0,0,1,0,0,0,0,0,0,0,0,0,0,0,0,0,0,0
"The Descendants",2011,"Alexander Payne",0,88,79,5,1,115,"Comedy, Drama, Romance","R (Sexual References|Language)","English",20,177.2,1,0,1,0,0,0,1,2,0,0,"https://en.wikipedia.org/wiki/The_Descendants","https://www.rottentomatoes.com/m/the_descendants_2011",15,2,15,2,15,2,15,2,15,2,1,1,0,0,0,1,0,0,0,0,0,0,0,0,0,0,0,0,0,0,0
"The Help",2011,"Tate Taylor",0,75,89,4,1,146,"History, Drama","PG-13 (Thematic Material)","English",25,221.8,0,0,1,0,0,0,0,0,0,0,"https://en.wikipedia.org/wiki/The_Help_(film)","https://www.rottentomatoes.com/m/the_help",8,2,8,2,8,2,8,2,8,2,1,0,1,0,0,0,0,0,0,0,0,0,0,0,0,0,0,0,0,0,0
"The Tree of Life",2011,"Terrence Malick",0,86,60,3,0,139,"Drama","PG-13 (Some Thematic Material)","English",32,61,0,0,0,0,0,0,1,2,0,0,"https://en.wikipedia.org/wiki/The_Tree_of_Life_(film)","https://www.rottentomatoes.com/m/the_tree_of_life",16,4,16,4,16,4,16,4,16,4,1,0,0,0,0,0,0,0,0,0,0,0,0,0,0,0,0,0,0,0,0
"War Horse",2011,"Steven Spielberg",0,74,74,6,0,146,"History, Drama, War","PG-13 (Intense Seq. of War Violence)","English",68,177.6,0,0,1,0,0,0,4,4,2,2,"https://en.wikipedia.org/wiki/War_Horse_(film)","https://www.rottentomatoes.com/m/war_horse",9,2,9,2,9,2,9,2,9,2,1,0,1,0,0,0,0,0,0,0,0,1,0,0,0,0,0,0,0,0,0
"Amour",2012,"Michael Haneke",0,93,82,5,1,127,"Drama","PG-13 (Brief Language|A Disturbing Act|Mature Thematic Material)","French (France)",9.3,36.8,0,0,0,0,0,0,0,1,0,0,"https://en.wikipedia.org/wiki/Amour_(2012_film)","https://www.rottentomatoes.com/m/amour_2013",5,1,5,1,5,1,5,1,5,1,1,0,0,0,0,0,0,0,0,0,0,0,0,0,0,0,0,0,0,0,0
"Argo",2012,"Ben Affleck",1,96,90,7,2,120,"History, Drama, Mystery & Thriller, Biography","R (Some Violent Images|Language)","English",44.5,232.3,1,1,1,0,0,0,0,0,0,0,"https://en.wikipedia.org/wiki/Argo_(2012_film)","https://www.rottentomatoes.com/m/argo_2012",4,1,4,1,4,1,4,1,4,1,1,0,1,1,1,0,0,0,0,0,0,0,0,0,0,0,0,0,0,0,0
"Beasts of the Southern Wild",2012,"Benh Zeitlin",0,87,76,4,0,93,"Drama, Adventure, Fantasy","PG-13 (Child Imperilment|Brief Sensuality|Language|Some Disturbing Images|Thematic Material)","English",1.8,23.3,0,0,0,0,0,0,0,1,0,0,"https://en.wikipedia.org/wiki/Beasts_of_the_Southern_Wild","https://www.rottentomatoes.com/m/beasts_of_the_southern_wild",27,5,27,5,27,5,27,5,27,5,1,0,0,0,0,0,1,0,0,1,0,0,0,0,0,0,0,0,0,0,0
"Django Unchained",2012,"Quentin Tarantino",0,87,92,5,2,165,"Western, Drama, Action","R (Language|A Vicious Fight|Some Nude Images|Strong Graphic Violence)","English",100,449.8,0,0,1,0,0,0,2,2,0,0,"https://en.wikipedia.org/wiki/Django_Unchained","https://www.rottentomatoes.com/m/django_unchained",16,2,16,2,16,2,16,2,16,2,1,0,0,0,0,0,0,1,0,0,0,0,0,0,0,1,0,0,0,0,0
"Les Misérables",2012,"Tom Hooper",0,70,79,8,3,158,"Musical, History, Drama","PG-13 (Suggestive Material|Sexual Material|Thematic Elements|Violence)","English",61,442.8,0,0,0,0,1,0,0,0,1,1,"https://en.wikipedia.org/wiki/Les_Mis%C3%A9rables_(2012_film)","https://www.rottentomatoes.com/m/les_miserables_2012",14,2,14,2,14,2,14,2,14,2,1,0,1,0,0,0,0,0,0,0,0,0,0,1,1,0,0,0,0,0,0
"Life of Pi",2012,"Ang Lee",0,86,84,11,4,127,"Adventure, Drama, Fantasy, Mystery & Thriller","PG (Peril|Emotional Thematic Content|Some Scary Action)","English",120,609,1,0,1,0,0,0,1,1,1,2,"https://en.wikipedia.org/wiki/Life_of_Pi_(film)","https://www.rottentomatoes.com/m/life_of_pi",10,3,10,3,10,3,10,3,10,3,1,0,0,0,1,0,1,0,0,1,0,0,0,0,0,0,0,0,0,0,0
"Lincoln",2012,"Steven Spielberg",0,89,80,12,2,150,"History, Drama, Biography","PG-13 (Intense Scene of War Violence|Brief Strong Language|Some Images of Carnage)","English",65,275.3,1,0,1,0,0,0,4,5,2,2,"https://en.wikipedia.org/wiki/Lincoln_(film)","https://www.rottentomatoes.com/m/lincoln_2011",7,1,7,1,7,1,7,1,7,1,1,0,1,1,0,0,0,0,0,0,0,0,0,0,0,0,0,0,0,0,0
"Silver Linings Playbook",2012,"David O. Russell",0,92,86,8,1,122,"Romance, Comedy, Drama","R (Some Sexual Content/Nudity|Language)","English",21,236.4,1,0,0,0,1,0,1,2,0,0,"https://en.wikipedia.org/wiki/Silver_Linings_Playbook","https://www.rottentomatoes.com/m/silver_linings_playbook",23,3,23,3,23,3,23,3,23,3,1,1,0,0,0,1,0,0,0,0,0,0,0,0,0,0,0,0,0,0,0
"Zero Dark Thirty",2012,"Kathryn Bigelow",0,91,80,5,1,157,"Drama, Mystery & Thriller, War","R (Language|Brutal Disturbing Images|Strong Violence)","English",46.25,132.8,1,0,1,0,0,0,0,0,1,1,"https://en.wikipedia.org/wiki/Zero_Dark_Thirty","https://www.rottentomatoes.com/m/zero_dark_thirty",16,3,16,3,16,3,16,3,16,3,1,0,0,0,1,0,0,0,0,0,0,1,0,0,0,0,0,0,0,0,0
"12 Years a Slave",2013,"Steve McQueen",1,95,90,9,2,134,"History, Drama, Biography","R (Some Nudity|Brief Sexuality|Violence/Cruelty)","English",21,187.7,1,0,1,0,0,0,0,1,0,0,"https://en.wikipedia.org/wiki/12_Years_a_Slave_(film)","https://www.rottentomatoes.com/m/12_years_a_slave",16,4,16,4,16,4,16,4,16,4,1,0,1,1,0,0,0,0,0,0,0,0,0,0,0,0,0,0,0,0,0
"American Hustle",2013,"David O. Russell",0,92,74,10,0,138,"Crime, Drama","R (Pervasive Language|Brief Violence|Some Sexual Content)","English",40,251,1,0,0,0,1,0,2,3,0,0,"https://en.wikipedia.org/wiki/American_Hustle","https://www.rottentomatoes.com/m/american_hustle",15,2,15,2,15,2,15,2,15,2,1,0,0,0,0,0,0,0,1,0,0,0,0,0,0,0,0,0,0,0,0
"Captain Phillips",2013,"Paul Greengrass",0,93,89,6,0,134,"Drama, Action, Mystery & Thriller, Crime, Biography","PG-13 (Some Violence|Bloody Images|Substance Use|Sustained Int. Seq. of Menace)","English",55,220.6,1,0,1,0,0,0,1,1,0,0,"https://en.wikipedia.org/wiki/Captain_Phillips_(film)","https://www.rottentomatoes.com/m/captain_phillips",16,2,16,2,16,2,16,2,16,2,1,0,0,1,1,0,0,1,1,0,0,0,0,0,0,0,0,0,0,0,0
"Dallas Buyers Club",2013,"Jean-Marc Vallée",0,92,91,6,3,117,"Drama, LGBTQ+","R (Nudity|Drug Use|Pervasive Language|Some Strong Sexual Content)","English",5,55,1,0,0,0,0,0,0,0,0,0,"https://en.wikipedia.org/wiki/Dallas_Buyers_Club","https://www.rottentomatoes.com/m/dallas_buyers_club",18,3,18,3,18,3,18,3,18,3,1,0,0,0,0,0,0,0,0,0,0,0,1,0,0,0,0,0,0,0,0
"Gravity",2013,"Alfonso Cuarón",0,96,79,10,7,91,"Drama, Sci-Fi, Mystery & Thriller","PG-13 (Intense Perilous Sequences|Brief Strong Language|Some Disturbing Images)","English",105,723.2,1,1,1,0,0,0,0,0,0,1,"https://en.wikipedia.org/wiki/Gravity_(2013_film)","https://www.rottentomatoes.com/m/gravity_2013",7,1,7,1,7,1,7,1,7,1,1,0,0,0,1,0,0,0,0,0,1,0,0,0,0,0,0,0,0,0,0
"Her",2013,"Spike Jonze",0,95,82,5,1,126,"Comedy, Drama, Romance","R (Language|Brief Graphic Nudity|Sexual Content)","English",23,48.3,0,0,0,0,1,0,1,1,0,0,"https://en.wikipedia.org/wiki/Her_(2013_film)","https://www.rottentomatoes.com/m/her",3,1,3,1,3,1,3,1,3,1,1,1,0,0,0,1,0,0,0,0,0,0,0,0,0,0,0,0,0,0,0
"Nebraska",2013,"Alexander Payne",0,90,83,6,0,115,"Drama, Comedy","R (Some Language)","English",13.5,27.7,0,0,0,0,1,0,2,3,0,0,"https://en.wikipedia.org/wiki/Nebraska_(film)","https://www.rottentomatoes.com/m/nebraska",8,1,8,1,8,1,8,1,8,1,1,1,0,0,0,0,0,0,0,0,0,0,0,0,0,0,0,0,0,0,0
"Philomena",2013,"Stephen Frears",0,91,89,4,0,98,"Drama, Comedy, Biography","PG-13 (Some Strong Language|Sexual References|Thematic Elements)","English",12,100.1,0,0,1,0,0,0,2,2,0,0,"https://en.wikipedia.org/wiki/Philomena_(film)","https://www.rottentomatoes.com/m/philomena",9,1,9,1,9,1,9,1,9,1,1,1,0,1,0,0,0,0,0,0,0,0,0,0,0,0,0,0,0,0,0
"The Wolf of Wall Street",2013,"Martin Scorsese",0,79,83,5,0,180,"Comedy, Drama, Biography","R (Graphic Nudity|Drug Use|Language Throughout|Some Violence|Strong Sexual Content)","English",100,407,0,0,0,0,1,0,6,7,1,1,"https://en.wikipedia.org/wiki/The_Wolf_of_Wall_Street_(2013_film)","https://www.rottentomatoes.com/m/the_wolf_of_wall_street_2013",23,5,23,5,23,5,23,5,23,5,1,1,0,1,0,0,0,0,0,0,0,0,0,0,0,0,0,0,0,0,0
"American Sniper",2014,"Clint Eastwood",0,71,84,6,1,132,"War, Biography, Drama, Action, Mystery & Thriller","R (Some Sexual References|Language Throughout|Strong Disturbing War Violence)","English",59,547.7,1,0,0,0,0,0,2,2,2,2,"https://en.wikipedia.org/wiki/American_Sniper","https://www.rottentomatoes.com/m/american_sniper",15,2,15,2,15,2,15,2,15,2,1,0,0,1,1,0,0,1,0,0,0,1,0,0,0,0,0,0,0,0,0
"Birdman or (The Unexpected Virtue of Ignorance)",2014,"Alejandro González Iñárritu",1,91,78,9,3,119,"Comedy, Drama","R (Language Throughout|Brief Violence|Some Sexual Content)","English",17.25,103.2,0,0,0,0,1,0,1,1,0,0,"https://en.wikipedia.org/wiki/Birdman_(film)","https://www.rottentomatoes.com/m/birdman_2014",47,7,47,7,47,7,47,7,47,7,1,1,0,0,0,0,0,0,0,0,0,0,0,0,0,0,0,0,0,0,0
"Boyhood",2014,"Richard Linklater",0,97,80,6,1,165,"Drama","R (Sexual References|Language|Teen Drug and Alcohol Use)","English",4,57.3,1,0,1,0,0,0,0,1,0,0,"https://en.wikipedia.org/wiki/Boyhood_(2014_film)","https://www.rottentomatoes.com/m/boyhood",7,1,7,1,7,1,7,1,7,1,1,0,0,0,0,0,0,0,0,0,0,0,0,0,0,0,0,0,0,0,0
"Selma",2014,"Ava DuVernay",0,99,86,2,1,128,"History, Drama","PG-13 (Brief Strong Language|A Suggestive Moment|Disturbing Thematic Material|Violence)","English",20,67.8,0,0,1,0,0,0,0,0,0,0,"https://en.wikipedia.org/wiki/Selma_(film)","https://www.rottentomatoes.com/m/selma",5,1,5,1,5,1,5,1,5,1,1,0,1,0,0,0,0,0,0,0,0,0,0,0,0,0,0,0,0,0,0
"The Grand Budapest Hotel",2014,"Wes Anderson",0,92,87,9,4,100,"Comedy, Drama","R (Some Sexual Content|Language|Violence)","English",25,174.6,1,0,0,0,1,0,0,1,0,0,"https://en.wikipedia.org/wiki/The_Grand_Budapest_Hotel","https://www.rottentomatoes.com/m/the_grand_budapest_hotel",24,4,24,4,24,4,24,4,24,4,1,1,0,0,0,0,0,0,0,0,0,0,0,0,0,0,0,0,0,0,0
"The Imitation Game",2014,"Morten Tyldum",0,90,91,8,1,115,"History, Drama, Biography, LGBTQ+","PG-13 (Mature Thematic Material|Historical Smoking|Some Sexual References)","English",14,233.6,1,0,1,0,0,0,0,1,0,0,"https://en.wikipedia.org/wiki/The_Imitation_Game","https://www.rottentomatoes.com/m/the_imitation_game",18,3,18,3,18,3,18,3,18,3,1,0,1,1,0,0,0,0,0,0,0,0,1,0,0,0,0,0,0,0,0
"The Theory of Everything",2014,"James Marsh",0,81,84,5,1,123,"Biography, Drama, Romance","PG-13 (Suggestive Material|Some Thematic Elements)","English",15,123.7,0,0,1,0,0,0,0,0,0,0,"https://en.wikipedia.org/wiki/The_Theory_of_Everything_(2014_film)","https://www.rottentomatoes.com/m/the_theory_of_everything_2014",24,4,24,4,24,4,24,4,24,4,1,0,0,1,0,1,0,0,0,0,0,0,0,0,0,0,0,0,0,0,0
"Whiplash",2014,"Damien Chazelle",0,94,94,5,3,106,"Drama, Music, Mystery & Thriller","R (Strong Language|Some Sexual References)","English",3.3,50.4,1,1,0,0,0,0,0,0,0,0,"https://en.wikipedia.org/wiki/Whiplash_(2014_film)","https://www.rottentomatoes.com/m/whiplash_2014",8,1,8,1,8,1,8,1,8,1,1,0,0,0,1,0,0,0,0,0,0,0,0,1,0,0,0,0,0,0,0
"Bridge of Spies",2015,"Steven Spielberg",0,91,87,6,1,141,"History, Drama, Mystery & Thriller","PG-13 (Some Violence|Brief Strong Language)","English",40,165.5,0,0,0,0,0,0,5,5,2,2,"https://en.wikipedia.org/wiki/Bridge_of_Spies_(film)","https://www.rottentomatoes.com/m/bridge_of_spies",15,3,15,3,15,3,15,3,15,3,1,0,1,0,1,0,0,0,0,0,0,0,0,0,0,0,0,0,0,0,0
"Brooklyn",2015,"John Crowley",0,97,87,3,0,112,"Romance, History, Drama","PG-13 (Brief Strong Language|A Scene of Sexuality)","British English",11,62.4,0,0,0,0,0,0,0,0,0,0,"https://en.wikipedia.org/wiki/Brooklyn_(film)","https://www.rottentomatoes.com/m/brooklyn",8,1,8,1,8,1,8,1,8,1,1,0,1,0,0,1,0,0,0,0,0,0,0,0,0,0,0,0,0,0,0
"Mad Max: Fury Road",2015,"George Miller",0,97,86,10,6,120,"Action, Adventure, Sci-Fi","R (Intense Sequences of Violence|Disturbing Images)","English",169.85,380.4,1,1,1,0,0,0,0,1,0,0,"https://en.wikipedia.org/wiki/Mad_Max:_Fury_Road","https://www.rottentomatoes.com/m/mad_max_fury_road",18,4,18,4,18,4,18,4,18,4,0,0,0,0,0,0,1,1,0,0,1,0,0,0,0,0,0,0,0,0,0
"Room",2015,"Lenny Abrahamson",0,93,93,4,1,118,"Drama, Mystery & Thriller","R (Language)","English",13,36.3,0,0,1,0,0,0,0,1,0,0,"https://en.wikipedia.org/wiki/Room_(2015_film)","https://www.rottentomatoes.com/m/room_2015",4,1,4,1,4,1,4,1,4,1,1,0,0,0,1,0,0,0,0,0,0,0,0,0,0,0,0,0,0,0,0
"Spotlight",2015,"Tom McCarthy",1,97,93,6,1,129,"Drama, Crime, Action","R (Some Language|Sexual References)","English",20,98.7,1,0,1,0,0,0,0,1,0,0,"https://en.wikipedia.org/wiki/Spotlight_(film)","https://www.rottentomatoes.com/m/spotlight_2015",9,1,9,1,9,1,9,1,9,1,1,0,0,0,0,0,0,1,1,0,0,0,0,0,0,0,0,0,0,0,0
"The Big Short",2015,"Adam McKay",0,89,88,5,1,130,"Comedy, Drama","R (Some Sexuality/Nudity|Pervasive Language)","English",50,133.4,1,0,0,0,1,0,0,1,0,0,"https://en.wikipedia.org/wiki/The_Big_Short_(film)","https://www.rottentomatoes.com/m/the_big_short",13,3,13,3,13,3,13,3,13,3,1,1,0,0,0,0,0,0,0,0,0,0,0,0,0,0,0,0,0,0,0
"The Martian",2015,"Ridley Scott",0,91,91,7,0,142,"Sci-Fi, Adventure, Drama","PG-13 (Injury Images|Brief Nudity|Some Strong Language)","English",108,630.6,0,0,0,0,1,0,3,3,0,0,"https://en.wikipedia.org/wiki/The_Martian_(film)","https://www.rottentomatoes.com/m/the_martian",11,2,11,2,11,2,11,2,11,2,1,0,0,0,0,0,1,0,0,0,1,0,0,0,0,0,0,0,0,0,0
"The Revenant",2015,"Alejandro González Iñárritu",0,78,84,12,3,156,"Adventure, Western, Action, Drama, Mystery & Thriller","R (Brief Nudity|A Sexual Assault|Violence|Gory Images|Language|Strong Frontier Combat)","English",135,533,1,0,1,0,0,0,1,1,0,0,"https://en.wikipedia.org/wiki/The_Revenant_(2015_film)","https://www.rottentomatoes.com/m/the_revenant_2015",12,2,12,2,12,2,12,2,12,2,1,0,0,0,1,0,1,1,0,0,0,0,0,0,0,1,0,0,0,0,0
"Arrival",2016,"Denis Villeneuve",0,94,83,8,1,116,"Sci-Fi, Mystery & Thriller, Drama","PG-13 (Brief Strong Language)","English",47,203.4,1,0,0,0,0,0,0,1,0,0,"https://en.wikipedia.org/wiki/Arrival_(film)","https://www.rottentomatoes.com/m/arrival_2016",7,1,7,1,7,1,7,1,7,1,1,0,0,0,1,0,0,0,0,0,1,0,0,0,0,0,0,0,0,0,0
"Fences",2016,"Denzel Washington",0,92,75,4,1,138,"Drama","PG-13 (Some Suggestive References|Language|Thematic Elements)","English",24,64.4,0,0,0,0,0,0,0,0,0,0,"https://en.wikipedia.org/wiki/Fences_(film)","https://www.rottentomatoes.com/m/fences_2016",6,1,6,1,6,1,6,1,6,1,1,0,0,0,0,0,0,0,0,0,0,0,0,0,0,0,0,0,0,0,0
"Hacksaw Ridge",2016,"Mel Gibson",0,84,92,6,2,139,"War, History, Drama, Biography","R (Grisly Bloody Images|Graphic War Violence)","English",40,180.6,1,1,1,0,0,0,0,1,1,1,"https://en.wikipedia.org/wiki/Hacksaw_Ridge","https://www.rottentomatoes.com/m/hacksaw_ridge",13,2,13,2,13,2,13,2,13,2,1,0,1,1,0,0,0,0,0,0,0,1,0,0,0,0,0,0,0,0,0
"Hell or High Water",2016,"David Mackenzie",0,97,89,4,0,102,"Crime, Drama, Mystery & Thriller, Western, Action","R (Language Throughout|Brief Sexuality|Some Strong Violence)","English",12,37.9,1,0,1,0,0,0,0,0,0,0,"https://en.wikipedia.org/wiki/Hell_or_High_Water_(film)","https://www.rottentomatoes.com/m/hell_or_high_water",18,4,18,4,18,4,18,4,18,4,1,0,0,0,1,0,0,1,1,0,0,0,0,0,0,1,0,0,0,0,0
"Hidden Figures",2016,"Theodore Melfi",0,93,93,3,0,127,"History, Drama, Biography","PG (Thematic Elements|Some Language)","English",25,236,0,0,0,0,0,0,0,0,0,0,"https://en.wikipedia.org/wiki/Hidden_Figures","https://www.rottentomatoes.com/m/hidden_figures",14,2,14,2,14,2,14,2,14,2,1,0,1,1,0,0,0,0,0,0,0,0,0,0,0,0,0,0,0,0,0
"La La Land",2016,"Damien Chazelle",0,91,82,14,6,128,"Musical, Romance, Comedy, Drama","PG-13 (Some Language)","English",30,504.6,1,0,0,0,1,0,0,0,0,1,"https://en.wikipedia.org/wiki/La_La_Land","https://www.rottentomatoes.com/m/la_la_land",10,3,10,3,10,3,10,3,10,3,1,1,0,0,0,1,0,0,0,0,0,0,0,1,1,0,0,0,0,0,0
"Lion",2016,"Garth Davis",0,84,91,6,0,118,"Drama, Biography","PG-13 (Thematic Material|Some Sensuality)","English",12,140.3,0,0,1,0,0,0,0,0,0,0,"https://en.wikipedia.org/wiki/Lion_(2016_film)","https://www.rottentomatoes.com/m/lion_2016",4,1,4,1,4,1,4,1,4,1,1,0,0,1,0,0,0,0,0,0,0,0,0,0,0,0,0,0,0,0,0
"Manchester by the Sea",2016,"Kenneth Lonergan",0,96,78,6,2,137,"Drama","R (Some Sexual Content|Language Throughout)","English",8.75,79,0,0,1,0,0,0,0,1,0,0,"https://en.wikipedia.org/wiki/Manchester_by_the_Sea_(film)","https://www.rottentomatoes.com/m/manchester_by_the_sea",21,4,21,4,21,4,21,4,21,4,1,0,0,0,0,0,0,0,0,0,0,0,0,0,0,0,0,0,0,0,0
"Moonlight",2016,"Barry Jenkins",1,98,79,8,2,111,"Drama, LGBTQ+","R (Drug Use|Brief Violence|Language Throughout|Some Sexuality)","English",2.75,66.7,1,0,1,0,0,0,0,1,0,0,"https://en.wikipedia.org/wiki/Moonlight_(2016_film)","https://www.rottentomatoes.com/m/moonlight_2016",9,1,9,1,9,1,9,1,9,1,1,0,0,0,0,0,0,0,0,0,0,0,1,0,0,0,0,0,0,0,0
"Call Me by Your Name",2017,"Luca Guadagnino",0,95,86,4,1,132,"Romance, Drama, LGBTQ+","R (Sexual Content|Nudity|Some Language)","English",3.5,43.1,0,0,1,0,0,0,0,0,0,0,"https://en.wikipedia.org/wiki/Call_Me_by_Your_Name_(film)","https://www.rottentomatoes.com/m/call_me_by_your_name",20,5,20,5,20,5,20,5,20,5,1,0,0,0,0,1,0,0,0,0,0,0,1,0,0,0,0,0,0,0,0
"Darkest Hour",2017,"Joe Wright",0,84,83,6,2,125,"History, Drama, Biography, War","PG-13 (Some Thematic Material)","English",30,150.8,0,0,0,0,0,0,0,0,0,0,"https://en.wikipedia.org/wiki/Darkest_Hour_(film)","https://www.rottentomatoes.com/m/darkest_hour_2017",12,2,12,2,12,2,12,2,12,2,1,0,1,1,0,0,0,0,0,0,0,1,0,0,0,0,0,0,0,0,0
"Dunkirk",2017,"Christopher Nolan",0,92,81,8,3,106,"War, History, Drama, Action","PG-13 (Some Language|Intense War Experience)","English",100,549.1,1,1,1,0,0,0,0,1,0,0,"https://en.wikipedia.org/wiki/Dunkirk_(2017_film)","https://www.rottentomatoes.com/m/dunkirk_2017",7,1,7,1,7,1,7,1,7,1,1,0,1,0,0,0,0,1,0,0,0,1,0,0,0,0,0,0,0,0,0
"Get Out",2017,"Jordan Peele",0,98,86,4,1,104,"Horror, Mystery & Thriller, Comedy","R (Language|Bloody Images|Sexual References|Violence)","English",4.5,259.8,0,0,0,0,1,0,0,1,0,0,"https://en.wikipedia.org/wiki/Get_Out","https://www.rottentomatoes.com/m/get_out",7,2,7,2,7,2,7,2,7,2,0,1,0,0,1,0,0,0,0,0,0,0,0,0,0,0,1,0,0,0,0
"Lady Bird",2017,"Greta Gerwig",0,99,79,5,0,94,"Comedy, Drama","R (Language|Brief Graphic Nudity|Sexual Content|Teen Partying)","English",10,79,0,0,0,0,1,0,0,1,0,0,"https://en.wikipedia.org/wiki/Lady_Bird_(film)","https://www.rottentomatoes.com/m/lady_bird",9,2,9,2,9,2,9,2,9,2,1,1,0,0,0,0,0,0,0,0,0,0,0,0,0,0,0,0,0,0,0
"Phantom Thread",2017,"Paul Thomas Anderson",0,91,71,6,1,130,"Drama, Romance","R (Language)","English",35,52.2,0,0,0,0,0,0,1,2,0,0,"https://en.wikipedia.org/wiki/Phantom_Thread","https://www.rottentomatoes.com/m/phantom_thread",14,2,14,2,14,2,14,2,14,2,1,0,0,0,0,1,0,0,0,0,0,0,0,0,0,0,0,0,0,0,0
"The Post",2017,"Steven Spielberg",0,88,74,2,0,116,"History, Drama","PG-13 (Language|Brief War Violence)","English",50,179.8,0,0,1,0,0,0,5,5,2,2,"https://en.wikipedia.org/wiki/The_Post_(film)","https://www.rottentomatoes.com/m/the_post",8,2,8,2,8,2,8,2,8,2,1,0,1,0,0,0,0,0,0,0,0,0,0,0,0,0,0,0,0,0,0
"The Shape of Water",2017,"Guillermo del Toro",1,92,73,13,3,123,"Fantasy, Drama, Romance, Sci-Fi","R (Language|Graphic Nudity|Sexual Content|Violence)","English",19.4,195.2,1,0,1,0,0,0,0,0,0,1,"https://en.wikipedia.org/wiki/The_Shape_of_Water","https://www.rottentomatoes.com/m/the_shape_of_water_2017",18,4,18,4,18,4,18,4,18,4,1,0,0,0,0,1,0,0,0,1,1,0,0,0,0,0,0,0,0,0,0
"Three Billboards outside Ebbing, Missouri",2017,"Martin McDonagh",0,90,87,7,2,115,"Crime, Drama, Comedy","R (Some Sexual References|Language Throughout|Violence)","English",13.5,162.7,1,0,1,0,0,0,0,0,0,0,"https://en.wikipedia.org/wiki/Three_Billboards_Outside_Ebbing,_Missouri","https://www.rottentomatoes.com/m/three_billboards_outside_ebbing_missouri",41,5,41,5,41,5,41,5,41,5,1,1,0,0,0,0,0,0,1,0,0,0,0,0,0,0,0,0,0,0,0
"A Star Is Born",2018,"Bradley Cooper",0,90,80,8,1,136,"Romance, Drama, Music","R (Some Sexuality/Nudity|Language Throughout|Substance Abuse)","English",36,436.3,0,0,1,0,0,0,0,0,0,0,"https://en.wikipedia.org/wiki/A_Star_Is_Born_(2018_film)","https://www.rottentomatoes.com/m/a_star_is_born",14,4,14,4,14,4,14,4,14,4,1,0,0,0,0,1,0,0,0,0,0,0,0,1,0,0,0,0,0,0,0
"Black Panther",2018,"Ryan Coogler",0,96,79,7,3,134,"Action, Adventure, Fantasy","PG-13 (Sequences of Action Violence|A Brief Rude Gesture)","English",200,1350,0,0,1,0,0,0,0,0,0,0,"https://en.wikipedia.org/wiki/Black_Panther_(film)","https://www.rottentomatoes.com/m/black_panther_2018",13,2,13,2,13,2,13,2,13,2,0,0,0,0,0,0,1,1,0,1,0,0,0,0,0,0,0,0,0,0,0
"BlacKkKlansman",2018,"Spike Lee",0,96,83,6,1,135,"Comedy, Drama, Crime","R (Language Throughout|Disturbing/Violent Material|Racial Epithets|Some Sexual References)","English",15,93.4,1,0,1,0,0,0,0,1,0,0,"https://en.wikipedia.org/wiki/BlacKkKlansman","https://www.rottentomatoes.com/m/blackkklansman",14,1,14,1,14,1,14,1,14,1,1,1,0,0,0,0,0,0,1,0,0,0,0,0,0,0,0,0,0,0,0
"Bohemian Rhapsody",2018,"Bryan Singer",0,60,85,5,4,134,"Biography, History, Drama, Music, LGBTQ+","PG-13 (Language|Drug Content|Suggestive Material|Thematic Elements)","British English",52.5,910.8,1,1,1,0,0,0,0,0,0,0,"https://en.wikipedia.org/wiki/Bohemian_Rhapsody_(film)","https://www.rottentomatoes.com/m/bohemian_rhapsody",17,2,17,2,17,2,17,2,17,2,1,0,1,1,0,0,0,0,0,0,0,0,1,1,0,0,0,0,0,0,0
"Green Book",2018,"Peter Farrelly",1,77,92,5,2,130,"Comedy, Drama","PG-13 (Racial Epithets|Language|Thematic Content|Smoking|Some Violence|Suggestive Material)","English",23,321.8,1,0,0,0,1,0,0,0,0,0,"https://en.wikipedia.org/wiki/Green_Book_(film)","https://www.rottentomatoes.com/m/green_book",10,2,10,2,10,2,10,2,10,2,1,1,0,0,0,0,0,0,0,0,0,0,0,0,0,0,0,0,0,0,0
"Roma",2018,"Alfonso Cuarón",0,96,72,10,3,135,"Drama","R (Language|Graphic Nudity|Some Disturbing Images)","Spanish",15,5.1,0,0,0,0,0,0,0,0,1,2,"https://en.wikipedia.org/wiki/Roma_(2018_film)","https://www.rottentomatoes.com/m/roma_2018",4,1,4,1,4,1,4,1,4,1,1,0,0,0,0,0,0,0,0,0,0,0,0,0,0,0,0,0,0,0,0
"The Favourite",2018,"Yorgos Lanthimos",0,93,71,10,1,120,"Comedy, Drama","R (Nudity|Language|Strong Sexual Content)","British English",15,96,1,0,0,0,1,0,0,1,0,0,"https://en.wikipedia.org/wiki/The_Favourite_(2018_film)","https://www.rottentomatoes.com/m/the_favourite",13,2,13,2,13,2,13,2,13,2,1,1,0,0,0,0,0,0,0,0,0,0,0,0,0,0,0,0,0,0,0
"Vice",2018,"Adam McKay",0,64,61,8,1,132,"Biography, Comedy, Drama","R (Some Violent Images|Language)","English",60,76.1,1,0,0,0,1,0,1,2,0,0,"https://en.wikipedia.org/wiki/Vice_(2018_film)","https://www.rottentomatoes.com/m/vice_2018",4,1,4,1,4,1,4,1,4,1,1,1,0,1,0,0,0,0,0,0,0,0,0,0,0,0,0,0,0,0,0
"1917",2019,"Sam Mendes",0,88,88,10,3,119,"War, History, Drama","R (Some Disturbing Images|Language|Violence)","British English",95,446.1,0,0,1,0,0,0,0,1,1,1,"https://en.wikipedia.org/wiki/1917_(2019_film)","https://www.rottentomatoes.com/m/1917_2019",4,1,4,1,4,1,4,1,4,1,1,0,1,0,0,0,0,0,0,0,0,1,0,0,0,0,0,0,0,0,0
"Ford v Ferrari",2019,"James Mangold",0,92,98,4,2,152,"History, Drama, Biography","PG-13 (Some Language and Peril)","English",97.6,225.5,1,1,0,0,0,0,0,0,0,0,"https://en.wikipedia.org/wiki/Ford_v_Ferrari","https://www.rottentomatoes.com/m/ford_v_ferrari",14,3,14,3,14,3,14,3,14,3,1,0,1,1,0,0,0,0,0,0,0,0,0,0,0,0,0,0,0,0,0
"Jojo Rabbit",2019,"Taika Waititi",0,81,94,6,1,108,"Comedy, Drama","PG-13 (Mature Thematic Content|Language|Some Disturbing Images|Violence)","English",14,93.6,1,0,0,0,1,0,0,0,0,0,"https://en.wikipedia.org/wiki/Jojo_Rabbit","https://www.rottentomatoes.com/m/jojo_rabbit",11,2,11,2,11,2,11,2,11,2,1,1,0,0,0,0,0,0,0,0,0,0,0,0,0,0,0,0,0,0,0
"Joker",2019,"Todd Phillips",0,68,89,11,2,122,"Crime, Drama","R (Disturbing Behavior|Brief Sexual Images|Language|Strong Bloody Violence)","English",62.5,1079,1,0,1,0,0,0,0,1,0,0,"https://en.wikipedia.org/wiki/Joker_(2019_film)","https://www.rottentomatoes.com/m/joker_2019",5,1,5,1,5,1,5,1,5,1,1,0,0,0,0,0,0,0,1,0,0,0,0,0,0,0,0,0,0,0,0
"Little Women",2019,"Greta Gerwig",0,95,92,6,1,135,"Drama","PG (Thematic Elements|Brief Smoking)","English",40,220.1,0,0,0,0,0,0,1,1,0,0,"https://en.wikipedia.org/wiki/Little_Women_(2019_film)","https://www.rottentomatoes.com/m/little_women_2019",12,2,12,2,12,2,12,2,12,2,1,0,0,0,0,0,0,0,0,0,0,0,0,0,0,0,0,0,0,0,0
"Marriage Story",2019,"Noah Baumbach",0,95,85,6,1,137,"Drama","R (Sexual References|Language Throughout)","English",18,2.3,0,0,1,0,0,0,0,0,0,0,"https://en.wikipedia.org/wiki/Marriage_Story","https://www.rottentomatoes.com/m/marriage_story_2019",14,2,14,2,14,2,14,2,14,2,1,0,0,0,0,0,0,0,0,0,0,0,0,0,0,0,0,0,0,0,0
"Once upon a Time...in Hollywood",2019,"Quentin Tarantino",0,86,70,10,2,161,"Comedy, Drama, History, Crime","R (Language Throughout|Drug Use|Sexual References|Some Strong Graphic Violence)","English",93,392.1,0,0,0,0,1,0,2,3,0,0,"https://en.wikipedia.org/wiki/Once_Upon_a_Time_in_Hollywood","https://www.rottentomatoes.com/m/once_upon_a_time_in_hollywood",31,6,31,6,31,6,31,6,31,6,1,1,1,0,0,0,0,0,1,0,0,0,0,0,0,0,0,0,0,0,0
"Parasite",2019,"Bong Joon Ho",1,99,90,6,3,132,"Comedy, Mystery & Thriller, Drama","R (Sexual Content|Language|Some Violence)","Korean",11.4,258.1,1,0,0,0,0,0,0,0,0,0,"https://en.wikipedia.org/wiki/Parasite_(2019_film)","https://www.rottentomatoes.com/m/parasite_2019",8,1,8,1,8,1,8,1,8,1,1,1,0,0,1,0,0,0,0,0,0,0,0,0,0,0,0,0,0,0,0
"The Irishman",2019,"Martin Scorsese",0,95,86,10,0,209,"Crime, Drama","R (Strong Violence|Pervasive Language)","English",204.5,8,1,0,1,0,0,0,7,8,1,1,"https://en.wikipedia.org/wiki/The_Irishman","https://www.rottentomatoes.com/m/the_irishman",12,2,12,2,12,2,12,2,12,2,1,0,0,0,0,0,0,0,1,0,0,0,0,0,0,0,0,0,0,0,0
"Judas and the Black Messiah",2020,"Shaka King",0,96,95,6,2,126,"History, Drama, Biography","R (Violence|Pervasive Language)","English",26,7.5,0,0,0,0,0,0,0,0,0,0,"https://en.wikipedia.org/wiki/Judas_and_the_Black_Messiah","https://www.rottentomatoes.com/m/judas_and_the_black_messiah",27,5,27,5,27,5,27,5,27,5,1,0,1,1,0,0,0,0,0,0,0,0,0,0,0,0,0,0,0,0,0
"Mank",2020,"David Fincher",0,83,62,10,2,131,"Biography, Comedy, Drama","R (Some Language)","English",25,0.122572,0,0,1,0,0,0,2,3,0,0,"https://en.wikipedia.org/wiki/Mank","https://www.rottentomatoes.com/m/mank",4,1,4,1,4,1,4,1,4,1,1,1,0,1,0,0,0,0,0,0,0,0,0,0,0,0,0,0,0,0,0
"Minari",2020,"Lee Isaac Chung",0,98,92,6,1,115,"Drama","PG-13 (Some Thematic Elements|A Rude Gesture)","English",2,15.5,0,0,0,0,0,0,0,1,0,0,"https://en.wikipedia.org/wiki/Minari","https://www.rottentomatoes.com/m/minari",6,1,6,1,6,1,6,1,6,1,1,0,0,0,0,0,0,0,0,0,0,0,0,0,0,0,0,0,0,0,0
"Nomadland",2020,"Chloé Zhao",1,93,82,6,2,108,"Drama","R (Some Full Nudity)","English",5,39.5,1,0,1,0,0,0,0,0,0,1,"https://en.wikipedia.org/wiki/Nomadland","https://www.rottentomatoes.com/m/nomadland",9,1,9,1,9,1,9,1,9,1,1,0,0,0,0,0,0,0,0,0,0,0,0,0,0,0,0,0,0,0,0
"Promising Young Woman",2020,"Emerald Fennell",0,90,87,5,1,114,"Comedy, Mystery & Thriller","R (Language Throughout|Drug Use|Sexual Assault|Some Sexual Material|Strong Violence)","English",10,18.9,1,0,1,0,0,0,0,1,0,0,"https://en.wikipedia.org/wiki/Promising_Young_Woman","https://www.rottentomatoes.com/m/promising_young_woman",21,3,21,3,21,3,21,3,21,3,0,1,0,0,1,0,0,0,0,0,0,0,0,0,0,0,0,0,0,0,0
"Sound of Metal",2020,"Darius Marder",0,97,90,6,2,120,"Drama","R (Language Throughout|Brief Nude Images)","English",5.4,0.51652,1,1,0,0,0,0,0,0,0,0,"https://en.wikipedia.org/wiki/Sound_of_Metal","https://www.rottentomatoes.com/m/sound_of_metal",14,3,14,3,14,3,14,3,14,3,1,0,0,0,0,0,0,0,0,0,0,0,0,0,0,0,0,0,0,0,0
"The Father",2020,"Florian Zeller",0,98,88,6,2,97,"Drama","PG-13 (Thematic Material|Some Strong Language)","British English",6,36,1,0,1,0,0,0,0,0,0,0,"https://en.wikipedia.org/wiki/The_Father_(2020_film)","https://www.rottentomatoes.com/m/the_father_2020",10,2,10,2,10,2,10,2,10,2,1,0,0,0,0,0,0,0,0,0,0,0,0,0,0,0,0,0,0,0,0
"The Trial of the Chicago 7",2020,"Aaron Sorkin",0,89,90,6,0,130,"History, Drama","R (Drug Use|Bloody Images|Language Throughout|Some Violence)","English",35,0.116473,1,0,1,0,0,0,0,0,0,0,"https://en.wikipedia.org/wiki/The_Trial_of_the_Chicago_7","https://www.rottentomatoes.com/m/the_trial_of_the_chicago_7",26,6,26,6,26,6,26,6,26,6,1,0,1,0,0,0,0,0,0,0,0,0,0,0,0,0,0,0,0,0,0
"Belfast",2021,"Kenneth Branagh",0,86,92,7,1,97,"Drama","PG-13 (Strong Language|Some Violence)","British English",12.5,49,0,0,1,0,0,0,2,2,0,0,"https://en.wikipedia.org/wiki/Belfast_(film)","https://www.rottentomatoes.com/m/belfast",7,1,7,1,7,1,7,1,7,1,1,0,0,0,0,0,0,0,0,0,0,0,0,0,0,0,0,0,0,0,0
"CODA",2021,"Sian Heder",1,94,91,3,2,111,"Drama","PG-13 (Language|Drug Use|Strong Sexual Content)","English",10,2.2,0,0,1,0,0,0,0,0,0,0,"https://en.wikipedia.org/wiki/CODA_(2021_film)","https://www.rottentomatoes.com/m/coda_2021",4,1,4,1,4,1,4,1,4,1,1,0,0,0,0,0,0,0,0,0,0,0,0,0,0,0,0,0,0,0,0
"Don't Look Up",2021,"Adam McKay",0,56,78,4,0,138,"Comedy","R (Graphic Nudity|Drug Content|Language Throughout|Some Sexual Content)","English",75,0.791863,1,0,0,0,1,0,2,2,0,0,"https://en.wikipedia.org/wiki/Don%27t_Look_Up","https://www.rottentomatoes.com/m/dont_look_up_2021",13,4,13,4,13,4,13,4,13,4,0,1,0,0,0,0,0,0,0,0,0,0,0,0,0,0,0,0,0,0,0
"Drive My Car",2021,"Ryûsuke Hamaguchi",0,97,78,4,1,179,"Drama",NA,"English",1.3,15.4,0,0,0,0,0,0,0,0,0,0,"https://en.wikipedia.org/wiki/Drive_My_Car_(film)","https://www.rottentomatoes.com/m/drive_my_car",12,3,12,3,12,3,12,3,12,3,1,0,0,0,0,0,0,0,0,0,0,0,0,0,0,0,0,0,0,0,0
"Dune",2021,"Denis Villeneuve",0,83,90,10,6,156,"Sci-Fi, Adventure, Action, Fantasy, Drama","PG-13 (Some Disturbing Images|Sequences of Strong Violence|Suggestive Material)","English",165,411,1,1,1,0,0,0,1,1,0,0,"https://en.wikipedia.org/wiki/Dune_(2021_film)","https://www.rottentomatoes.com/m/dune_2021",4,1,4,1,4,1,4,1,4,1,1,0,0,0,0,0,1,1,0,1,1,0,0,0,0,0,0,0,0,0,0
"King Richard",2021,"Reinaldo Marcus Green",0,90,98,6,1,145,"Biography, Drama","PG-13 (Brief Drug References|A Sexual Reference|Some Violence|Strong Language)","English",50,39.4,1,0,1,0,0,0,0,0,0,0,"https://en.wikipedia.org/wiki/King_Richard_(film)","https://www.rottentomatoes.com/m/king_richard",12,2,12,2,12,2,12,2,12,2,1,0,0,1,0,0,0,0,0,0,0,0,0,0,0,0,0,0,0,0,0
"Licorice Pizza",2021,"Paul Thomas Anderson",0,90,65,3,0,133,"Comedy","R (Sexual Material|Language|Some Drug Use)","English",40,33.3,0,0,0,0,1,0,3,3,0,0,"https://en.wikipedia.org/wiki/Licorice_Pizza","https://www.rottentomatoes.com/m/licorice_pizza",14,2,14,2,14,2,14,2,14,2,0,1,0,0,0,0,0,0,0,0,0,0,0,0,0,0,0,0,0,0,0
"Nightmare Alley",2021,"Guillermo del Toro",0,80,68,4,0,150,"Mystery & Thriller, Crime, Drama","R (Nudity|Language|Some Sexual Content|Strong/Bloody Violence)","English",60,39.6,0,0,0,0,0,0,0,0,1,1,"https://en.wikipedia.org/wiki/Nightmare_Alley_(2021_film)","https://www.rottentomatoes.com/m/nightmare_alley_2021",15,2,15,2,15,2,15,2,15,2,1,0,0,0,1,0,0,0,1,0,0,0,0,0,0,0,0,0,0,0,0
"The Power of the Dog",2021,"Jane Campion",0,94,76,12,1,126,"Western, Drama, Romance","R (Full Nudity|Brief Sexual Content)","English",37,0.417022,1,0,1,0,0,0,1,1,1,1,"https://en.wikipedia.org/wiki/The_Power_of_the_Dog_(film)","https://www.rottentomatoes.com/m/the_power_of_the_dog",20,5,20,5,20,5,20,5,20,5,1,0,0,0,0,1,0,0,0,0,0,0,0,0,0,1,0,0,0,0,0
"West Side Story",2021,"Steven Spielberg",0,91,93,7,1,156,"Musical, Romance","PG-13 (Some Strong Violence|Brief Smoking|Strong Language|Suggestive Material|Thematic Content)","English",100,76,0,0,0,0,1,0,7,7,2,2,"https://en.wikipedia.org/wiki/West_Side_Story_(2021_film)","https://www.rottentomatoes.com/m/west_side_story_2021",15,3,15,3,15,3,15,3,15,3,0,0,0,0,0,1,0,0,0,0,0,0,0,1,1,0,0,0,0,0,0
"All Quiet on the Western Front",2022,"Edward Berger",0,90,90,9,4,147,"War, History, Drama, Action","R (Strong Bloody War Violence|Grisly Images)","German",20,2878,0,0,0,0,0,0,0,0,0,0,"https://en.wikipedia.org/wiki/All_Quiet_on_the_Western_Front_(2022_film)","https://www.rottentomatoes.com/m/all_quiet_on_the_western_front_2022",30,6,30,6,30,6,30,6,30,6,1,0,1,0,0,0,0,1,0,0,0,1,0,0,0,0,0,0,0,0,0
"Avatar: The Way of Water",2022,"James Cameron",0,76,92,4,1,192,"Sci-Fi, Adventure, Action, Fantasy","PG-13 (Partial Nudity|Intense Action|Sequences of Strong Violence|Some Strong Language)","English",405,2.334,0,0,1,0,0,0,1,1,1,1,"https://en.wikipedia.org/wiki/Avatar:_The_Way_of_Water","https://www.rottentomatoes.com/m/avatar_the_way_of_water",24,5,24,5,24,5,24,5,24,5,0,0,0,0,0,0,1,1,0,1,1,0,0,0,0,0,0,0,0,0,0
"Elvis",2022,"Baz Luhrmann",0,77,94,8,0,159,"Biography, Drama, Music","PG-13 (Strong Language|Smoking|Substance Abuse|Suggestive Material)","English",85,288.7,1,0,1,0,0,0,0,0,0,0,"https://en.wikipedia.org/wiki/Elvis_(2022_film)","https://www.rottentomatoes.com/m/elvis",5,1,5,1,5,1,5,1,5,1,1,0,0,1,0,0,0,0,0,0,0,0,0,1,0,0,0,0,0,0,0
"Everything Everywhere All at Once",2022,"Daniel Kwan, Daniel Scheinert",1,93,79,11,6,139,"Comedy, Adventure, Sci-Fi, Fantasy","R (Sexual Material|Language|Some Violence)","English",19.5,143.4,1,1,0,0,1,0,0,0,0,0,"https://en.wikipedia.org/wiki/Everything_Everywhere_All_at_Once","https://www.rottentomatoes.com/m/everything_everywhere_all_at_once",33,5,33,5,33,5,33,5,33,5,0,1,0,0,0,0,1,0,0,1,1,0,0,0,0,0,0,0,0,0,0
"Tár",2022,"Todd Field",0,91,74,6,0,158,"Drama, Music","R (Some Language and Brief Nudity)","English",25,29.3,1,0,1,0,0,0,1,1,0,0,"https://en.wikipedia.org/wiki/T%C3%A1r","https://www.rottentomatoes.com/m/tar_2022",3,1,3,1,3,1,3,1,3,1,1,0,0,0,0,0,0,0,0,0,0,0,0,1,0,0,0,0,0,0,0
"The Banshees of Inisherin",2022,"Martin McDonagh",0,96,75,9,0,114,"Comedy","R (Language Throughout|Brief Graphic Nudity|Some Violent Content)","English",20,52.3,1,0,0,0,1,0,1,1,0,0,"https://en.wikipedia.org/wiki/The_Banshees_of_Inisherin","https://www.rottentomatoes.com/m/the_banshees_of_inisherin",25,4,25,4,25,4,25,4,25,4,0,1,0,0,0,0,0,0,0,0,0,0,0,0,0,0,0,0,0,0,0
"The Fabelmans",2022,"Steven Spielberg",0,92,83,7,0,151,"Drama","PG-13 (Drug Use|Brief Violence|Some Strong Language|Thematic Elements)","English",40,45.6,0,0,1,0,0,0,7,7,2,2,"https://en.wikipedia.org/wiki/The_Fabelmans","https://www.rottentomatoes.com/m/the_fabelmans",13,2,13,2,13,2,13,2,13,2,1,0,0,0,0,0,0,0,0,0,0,0,0,0,0,0,0,0,0,0,0
"Top Gun: Maverick",2022,"Joseph Kosinski",0,96,99,6,1,130,"Action, Adventure","PG-13 (Some Strong Language|Sequences of Intense Action)","English",173.5,1496,1,0,1,0,0,0,0,0,0,0,"https://en.wikipedia.org/wiki/Top_Gun:_Maverick","https://www.rottentomatoes.com/m/top_gun_maverick",17,3,17,3,17,3,17,3,17,3,0,0,0,0,0,0,1,1,0,0,0,0,0,0,0,0,0,0,0,0,0
"Triangle of Sadness",2022,"Ruben Östlund",0,72,80,3,0,147,"Comedy","R (Some Sexual Content|Language)","English",15.6,32.9,0,0,0,0,1,0,1,1,0,0,"https://en.wikipedia.org/wiki/Triangle_of_Sadness","https://www.rottentomatoes.com/m/triangle_of_sadness",19,3,19,3,19,3,19,3,19,3,0,1,0,0,0,0,0,0,0,0,0,0,0,0,0,0,0,0,0,0,0
"Women Talking",2022,"Sarah Polley",0,90,80,2,1,104,"Drama","PG-13 (Mature Thematic Content|Bloody Images|Sexual Assault|Some Strong Language)","English",20,9.3,0,0,0,0,0,0,0,0,0,0,"https://en.wikipedia.org/wiki/Women_Talking_(film)","https://www.rottentomatoes.com/m/women_talking",13,2,13,2,13,2,13,2,13,2,1,0,0,0,0,0,0,0,0,0,0,0,0,0,0,0,0,0,0,0,0
"American Fiction",2023,"Cord Jefferson",0,93,95,5,1,117,"Comedy, Drama","R (Sexual References|Language Throughout|Brief Violence|Some Drug Use)","English",10,23,0,0,0,0,1,0,0,0,0,0,"https://en.wikipedia.org/wiki/American_Fiction_(film)","https://www.rottentomatoes.com/m/american_fiction",16,2,16,2,16,2,16,2,16,2,1,1,0,0,0,0,0,0,0,0,0,0,0,0,0,0,0,0,0,0,0
"Anatomy of a Fall",2023,"Justine Triet",0,96,91,5,1,152,"Mystery & Thriller, Drama, Crime","R (Some Language|Sexual References|Violent Images)","French",36,36,1,0,1,0,0,0,1,1,0,0,"https://en.wikipedia.org/wiki/Anatomy_of_a_Fall","https://www.rottentomatoes.com/m/anatomy_of_a_fall",17,4,17,4,17,4,17,4,17,4,1,0,0,0,1,0,0,0,1,0,0,0,0,0,0,0,0,0,0,0,0
"Barbie",2023,"Greta Gerwig",0,88,83,8,1,114,"Comedy","PG-13 (Suggestive References|Brief Language)","English",136.5,1448,0,0,0,0,1,0,1,1,0,0,"https://en.wikipedia.org/wiki/Barbie_(film)","https://www.rottentomatoes.com/m/barbie",6,1,6,1,6,1,6,1,6,1,0,1,0,0,0,0,0,0,0,0,0,0,0,0,0,0,0,0,0,0,0
"Killers of the Flower Moon",2023,"Martin Scorsese",0,93,84,10,0,206,"Crime, Drama","R (Some Grisly Images|Language|Violence)","English",207.5,158.8,1,0,1,0,0,0,9,9,1,1,"https://en.wikipedia.org/wiki/Killers_of_the_Flower_Moon_(film)","https://www.rottentomatoes.com/m/killers_of_the_flower_moon",26,5,26,5,26,5,26,5,26,5,1,0,0,0,0,0,0,0,1,0,0,0,0,0,0,0,0,0,0,0,0
"Maestro",2023,"Bradley Cooper",0,78,57,7,0,129,"Biography, Drama, Romance, Music, LGBTQ+","R (Some Language and Drug Use)","English",80,0.523,0,0,1,0,0,0,0,0,0,0,"https://en.wikipedia.org/wiki/Maestro_(2023_film)","https://www.rottentomatoes.com/m/maestro_2023",7,1,7,1,7,1,7,1,7,1,1,0,0,1,0,1,0,0,0,0,0,0,1,1,0,0,0,0,0,0,0
"Oppenheimer",2023,"Christopher Nolan",1,93,91,13,6,180,"Biography, History, Drama","R (Nudity|Language|Some Sexuality)","English",100,975.8,1,1,1,0,0,0,1,1,1,1,"https://en.wikipedia.org/wiki/Oppenheimer_(film)","https://www.rottentomatoes.com/m/oppenheimer_2023",11,1,11,1,11,1,11,1,11,1,1,0,1,1,0,0,0,0,0,0,0,0,0,0,0,0,0,0,0,0,0
"Past Lives",2023,"Celine Song",0,95,93,2,0,106,"Romance, Drama","PG-13 (Some Strong Language)","English",12,42.7,0,0,1,0,0,0,0,0,0,0,"https://en.wikipedia.org/wiki/Past_Lives_(film)","https://www.rottentomatoes.com/m/past_lives",10,2,10,2,10,2,10,2,10,2,1,0,0,0,0,1,0,0,0,0,0,0,0,0,0,0,0,0,0,0,0
"Poor Things",2023,"Yorgos Lanthimos",0,92,80,11,4,142,"Comedy, Fantasy, Romance, Sci-Fi","R (Gore|Disturbing Material|Graphic Nudity|Language|Strong Sexual Content)","English",35,117.6,1,0,0,0,1,0,2,2,0,0,"https://en.wikipedia.org/wiki/Poor_Things_(film)","https://www.rottentomatoes.com/m/poor_things",11,2,11,2,11,2,11,2,11,2,0,1,0,0,0,1,0,0,0,1,1,0,0,0,0,0,0,0,0,0,0
"The Holdovers",2023,"Alexander Payne",0,97,92,5,1,133,"Holiday, Comedy, Drama, Crime, History","R (Language|Brief Sexual Material|Some Drug Use)","English",13,46,1,0,0,0,1,0,3,3,0,0,"https://en.wikipedia.org/wiki/The_Holdovers","https://www.rottentomatoes.com/m/the_holdovers",13,2,13,2,13,2,13,2,13,2,1,1,1,0,0,0,0,0,1,0,0,0,0,0,0,0,0,0,0,1,0
"The Zone of Interest",2023,"Jonathan Glazer",0,93,79,5,2,105,"History, Drama, War","PG-13 (Some Suggestive Material|Smoking|Thematic Material)","German",15,52.8,0,0,1,0,0,0,1,1,0,0,"https://en.wikipedia.org/wiki/The_Zone_of_Interest_(film)","https://www.rottentomatoes.com/m/the_zone_of_interest",20,4,20,4,20,4,20,4,20,4,1,0,1,0,0,0,0,0,0,0,0,1,0,0,0,0,0,0,0,0,0
"A Complete Unknown",2024,"James Mangold",0,82,95,8,0,141,"Biography, Drama, Music","R (Language)","English",60,140.5,0,0,1,0,0,0,1,1,0,0,"https://en.wikipedia.org/wiki/A_Complete_Unknown","https://www.rottentomatoes.com/m/a_complete_unknown",18,3,18,3,18,3,18,3,18,3,1,0,0,1,0,0,0,0,0,0,0,0,0,1,0,0,0,0,0,0,0
"Anora",2024,"Sean Baker",1,93,84,6,4,139,"Comedy, Drama, Romance","R (Graphic Nudity|Drug Use|Pervasive Language|Strong Sexual Content)","English",6,59.3,1,1,0,0,1,0,0,0,1,1,"https://en.wikipedia.org/wiki/Anora","https://www.rottentomatoes.com/m/anora",5,1,5,1,5,1,5,1,5,1,1,1,0,0,0,1,0,0,0,0,0,0,0,0,0,0,0,0,0,0,0
"Conclave",2024,"Edward Berger",0,93,86,8,1,120,"Mystery & Thriller, Drama","PG (Thematic Material and Smoking)","English",20,128,1,0,1,0,0,0,0,0,0,0,"https://en.wikipedia.org/wiki/Conclave_(film)","https://www.rottentomatoes.com/m/conclave",8,1,8,1,8,1,8,1,8,1,1,0,0,0,1,0,0,0,0,0,0,0,0,0,0,0,0,0,0,0,0
"Dune: Part Two",2024,"Denis Villeneuve",0,92,95,5,2,166,"Sci-Fi, Adventure, Action, Fantasy, Drama","PG-13 (Sequences of Strong Violence|Brief Strong Language|Some Suggestive Material)","English",190,715,0,0,1,0,0,0,1,1,0,0,"https://en.wikipedia.org/wiki/Dune:_Part_Two","https://www.rottentomatoes.com/m/dune_part_two",14,3,14,3,14,3,14,3,14,3,1,0,0,0,0,0,1,1,0,1,1,0,0,0,0,0,0,0,0,0,0
"Emilia Pérez",2024,"Jacques Audiard",0,70,17,13,2,132,"Musical, Crime, Drama","R (Sexual Material|Language|Some Violent Content)","Spanish",26,16.3,1,0,0,0,1,0,1,1,0,0,"https://en.wikipedia.org/wiki/Emilia_P%C3%A9rez","https://www.rottentomatoes.com/m/emilia_perez",12,2,12,2,12,2,12,2,12,2,1,0,0,0,0,0,0,0,1,0,0,0,0,1,1,0,0,0,0,0,0
"I'm Still Here",2024,"Walter Salles",0,97,97,3,1,138,"Drama, Biography, History","PG-13 (Drug Use|Brief Nudity|Smoking|Some Strong Language|Thematic Content)","Brazilian Portuguese",9,36.4,0,0,0,0,0,0,0,0,0,0,"https://en.wikipedia.org/wiki/I%27m_Still_Here_(2024_film)","https://www.rottentomatoes.com/m/im_still_here_2024",14,4,14,4,14,4,14,4,14,4,1,0,1,1,0,0,0,0,0,0,0,0,0,0,0,0,0,0,0,0,0
"Nickel Boys",2024,"RaMell Ross",0,92,75,2,0,140,"Drama","PG-13 (Racism|Racial Slurs|Violent Content|Smoking|Some Strong Language|Thematic Material)","English",23.2,3.2,0,0,1,0,0,0,0,0,0,0,"https://en.wikipedia.org/wiki/Nickel_Boys","https://www.rottentomatoes.com/m/nickel_boys",11,2,11,2,11,2,11,2,11,2,1,0,0,0,0,0,0,0,0,0,0,0,0,0,0,0,0,0,0,0,0
"The Brutalist",2024,"Brady Corbet",0,93,80,10,3,215,"Drama","R (Graphic Nudity|Drug Use|Rape|Some Language|Strong Sexual Content)","English",9.6,50.4,1,0,1,0,0,0,1,1,0,0,"https://en.wikipedia.org/wiki/The_Brutalist","https://www.rottentomatoes.com/m/the_brutalist",13,2,13,2,13,2,13,2,13,2,1,0,0,0,0,0,0,0,0,0,0,0,0,0,0,0,0,0,0,0,0
"The Substance",2024,"Coralie Fargeat",0,89,76,5,1,141,"Horror, Drama","R (Graphic Nudity|Gore|Language|Strong Violent Content)","English",18,79.5,0,0,0,0,1,0,1,1,0,0,"https://en.wikipedia.org/wiki/The_Substance","https://www.rottentomatoes.com/m/the_substance",13,2,13,2,13,2,13,2,13,2,1,0,0,0,0,0,0,0,0,0,0,0,0,0,0,0,1,0,0,0,0
"Wicked",2024,"Jon M. Chu",0,88,95,10,2,160,"Kids & Family, Musical, Fantasy, Adventure","PG (Some Scary Action|Brief Suggestive Material|Thematic Material)","English",150,758.8,1,0,0,0,1,0,0,0,0,0,"https://en.wikipedia.org/wiki/Wicked_(2024_film)","https://www.rottentomatoes.com/m/wicked_2024",6,1,6,1,6,1,6,1,6,1,0,0,0,0,0,0,1,0,0,1,0,0,0,1,1,0,0,1,0,0,0
"Bugonia",2025,"Yorgos Lanthimos",0,87,84,4,0,118,"Comedy, Sci-Fi","R (Bloody Violent Content|Suicide|Grisly Images|Language)","English",50,43.4,0,0,0,0,1,0,2,2,0,0,"https://en.wikipedia.org/wiki/Bugonia_(film)","https://www.rottentomatoes.com/m/bugonia",7,1,7,1,7,1,7,1,7,1,0,1,0,0,0,0,0,0,0,0,1,0,0,0,0,0,0,0,0,0,0
"F1",2025,"Joseph Kosinski",0,82,97,4,1,155,"Action, Drama, Sports","PG-13 (Strong Language|Action)","English",250,633.4,0,0,0,0,0,0,0,0,0,0,"https://en.wikipedia.org/wiki/F1_(film)","https://www.rottentomatoes.com/m/f1",2,1,2,1,2,1,2,1,2,1,1,0,0,0,0,0,0,1,0,0,0,0,0,0,0,0,0,0,0,0,1
"Frankenstein",2025,"Guillermo del Toro",0,85,94,9,3,150,"Horror, Drama, Sci-Fi","R (Grisly Images|Bloody Violence)","English",120,0.480678,0,0,1,0,0,0,0,0,1,1,"https://en.wikipedia.org/wiki/Frankenstein_(2025_film)","https://www.rottentomatoes.com/m/frankenstein_2025",12,1,12,1,12,1,12,1,12,1,1,0,0,0,0,0,0,0,0,0,1,0,0,0,0,0,1,0,0,0,0
"Hamnet",2025,"Chloé Zhao",0,87,93,8,1,126,"Drama, Romance","PG-13","English",32.5,103,0,0,1,0,0,0,0,1,1,1,"https://en.wikipedia.org/wiki/Hamnet_(film)","https://www.rottentomatoes.com/m/hamnet",6,1,6,1,6,1,6,1,6,1,1,0,0,0,0,1,0,0,0,0,0,0,0,0,0,0,0,0,0,0,0
"Marty Supreme",2025,"Josh Safdie",0,93,82,9,0,150,"Mystery & Thriller, Drama","R (Language Throughout|Bloody Images|Nudity|Sexual Content|Some Violent Content)","English",65,179.3,0,0,0,0,1,0,0,1,0,0,"https://en.wikipedia.org/wiki/Marty_Supreme","https://www.rottentomatoes.com/m/marty_supreme",13,2,13,2,13,2,13,2,13,2,1,0,0,0,1,0,0,0,0,0,0,0,0,0,0,0,0,0,0,0,0
"One Battle After Another",2025,"Paul Thomas Anderson",1,94,85,13,5,162,"Mystery & Thriller, Comedy, Drama","R (Pervasive Language|Drug Use|Sexual Content|Violence)","English",152.5,212.1,0,0,0,0,1,1,3,3,0,1,"https://en.wikipedia.org/wiki/One_Battle_After_Another","https://www.rottentomatoes.com/m/one_battle_after_another",24,4,24,4,24,4,24,4,24,4,1,1,0,0,1,0,0,0,0,0,0,0,0,0,0,0,0,0,0,0,0
"Sentimental Value",2025,"Joachim Trier",0,95,94,9,1,133,"Drama","R (Brief Nudity|A Sexual Reference|Some Language)","Norwegian",7.8,22,0,0,1,0,0,0,0,1,0,0,"https://en.wikipedia.org/wiki/Sentimental_Value","https://www.rottentomatoes.com/m/sentimental_value",17,2,17,2,17,2,17,2,17,2,1,0,0,0,0,0,0,0,0,0,0,0,0,0,0,0,0,0,0,0,0
"Sinners",2025,"Ryan Coogler",0,97,96,16,4,138,"Horror, Mystery & Thriller, Drama","R (Sexual Content|Language|Strong Bloody Violence)","English",95,370.1,0,0,1,0,0,0,0,1,0,0,"https://en.wikipedia.org/wiki/Sinners_(2025_film)","https://www.rottentomatoes.com/m/sinners_2025",7,1,7,1,7,1,7,1,7,1,1,0,0,0,1,0,0,0,0,0,0,0,0,0,0,0,1,0,0,0,0
"The Secret Agent",2025,"Kleber Mendonça Filho",0,98,83,4,0,161,"Drama, Mystery & Thriller, History","R (Some Full Nudity|Sexual Content|Language|Strong Bloody Violence)","Brazilian Portuguese",22.5,22.5,0,0,1,0,0,0,0,0,0,0,"https://en.wikipedia.org/wiki/The_Secret_Agent_(2025_film)","https://www.rottentomatoes.com/m/the_secret_agent_2025",16,3,16,3,16,3,16,3,16,3,1,0,1,0,1,0,0,0,0,0,0,0,0,0,0,0,0,0,0,0,0
"Train Dreams",2025,"Clint Bentley",0,94,92,4,0,102,"Drama","PG-13 (Some Violence and Sexuality)","English",10,0,0,0,0,0,0,0,0,0,0,0,"https://en.wikipedia.org/wiki/Train_Dreams_(film)","https://www.rottentomatoes.com/m/train_dreams",12,2,12,2,12,2,12,2,12,2,1,0,0,0,0,0,0,0,0,0,0,0,0,0,0,0,0,0,0,0,0
